{"stats":{"minecraft:killed_by":{"minecraft:creeper":3,"minecells:concierge":2,"minecells:mutated_bat":2,"minecells:shieldbearer":1,"minecraft:zombie":1,"minecells:grenadier":4,"minecraft:player":5,"minecells:leaping_zombie":2,"minecraft:skeleton":3,"minecells:runner":2},"minecraft:custom":{"minecraft:interact_with_crafting_table":107,"minecraft:open_barrel":18,"minecraft:leave_game":14,"minecraft:time_since_death":105063,"minecraft:sprint_one_cm":2867513,"minecraft:drop":195,"minecraft:talked_to_villager":1,"minecraft:play_time":973033,"minecraft:deaths":29,"minecraft:jump":7629,"minecraft:walk_on_water_one_cm":166644,"minecraft:interact_with_furnace":54,"minecraft:sleep_in_bed":35,"minecraft:damage_dealt":48137,"minecraft:player_kills":2,"minecraft:crouch_one_cm":7543,"minecraft:mob_kills":427,"minecraft:inspect_hopper":1,"minecraft:climb_one_cm":134159,"minecraft:walk_one_cm":2718043,"minecraft:sneak_time":6417,"minecraft:walk_under_water_one_cm":126564,"minecraft:boat_one_cm":401524,"minecraft:total_world_time":973033,"minecraft:time_since_rest":14818,"minecraft:damage_taken":18891,"minecraft:trigger_trapped_chest":20,"minecraft:swim_one_cm":347187,"minecraft:fly_one_cm":855688,"minecraft:open_chest":370,"minecraft:fall_one_cm":143888},"minecraft:broken":{"immersive_armors:wooden_leggings":2,"minecraft:iron_shovel":2,"minecraft:stone_pickaxe":5,"prefabricated:item_swift_blade_steel":1,"minecraft:wooden_sword":1,"minecraft:stone_axe":22,"minecraft:wooden_axe":14,"minecraft:stone_shovel":30,"immersive_armors:wooden_chestplate":1,"immersive_armors:wooden_boots":2,"prefabricated:item_swift_blade_wood":1,"immersive_armors:wooden_helmet":2},"minecraft:mined":{"minecells:small_prison_bricks":1,"minecells:putrid_fence":1,"minecraft:cherry_log":534,"sophisticatedbackpacks:gold_backpack":1,"minecraft:grass_block":3900,"bountifulfares:walnut_log":17,"minecraft:iron_ore":4,"bountifulfares:hanging_walnuts":1,"minecraft:cobbled_deepslate":1,"minecraft:fire":1,"minecraft:barrel":1,"minecraft:pumpkin":22,"minecraft:fletching_table":1,"promenade:vermilion_maple_leaf_pile":1,"bountifulfares:tea_shrub":3,"wilderwild:brown_shelf_fungus":2,"natures_spirit:sugi_sapling":2,"minecraft:tripwire":1,"minecraft:clay":12,"minecraft:torch":3,"minecraft:poppy":1,"minecraft:cobblestone":52,"minecraft:oak_planks":10,"minecraft:sugar_cane":10,"natures_spirit:anemone":3,"minecraft:wall_torch":10,"bountifulfares:fallen_walnuts":10,"minecraft:skeleton_skull":3,"minecraft:pink_petals":27,"minecraft:chain":1,"wilderwild:cattail":1,"wilderwild:red_shelf_fungus":2,"minecraft:birch_log":257,"minecraft:wheat":6,"minecraft:orange_tulip":3,"minecraft:tnt":1,"minecraft:grass":208,"minecraft:oak_log":17,"minecraft:sand":27,"minecraft:dirt":552,"minecraft:oak_leaves":17,"minecraft:deepslate":18,"minecraft:tuff":12,"bountifulfares:hanging_apple":15,"minecraft:candle":1,"bountifulfares:orange_log":11,"minecraft:dark_oak_log":216,"minecells:prison_cobblestone":8,"bountifulfares:hanging_orange":2,"minecells:prison_stone":9,"bountifulfares:artisan_bread":1,"minecraft:hay_block":35,"promenade:mikado_maple_leaf_pile":1,"promenade:maple_log":303,"promenade:fulvous_maple_leaf_pile":3,"minecraft:carrots":3,"bountifulfares:walnut_leaves":2,"minecraft:acacia_wood":15,"natures_spirit:carnation":14,"wilderwild:glory_of_the_snow":2,"bountifulfares:violet_bellflower":3,"minecraft:bookshelf":6,"minecraft:potatoes":27,"bewitchment:salt_ore":2,"minecells:torn_kings_crest_flag":1,"minecraft:lantern":2,"minecraft:stone":596,"natures_spirit:snapdragon":15,"minecells:kings_crest_flag":1,"bountifulfares:hanging_lemon":20,"promenade:blunite":62,"natures_spirit:sugi_log":2269,"minecraft:crafting_table":15,"minecraft:oak_wood":16,"minecells:ramparts_flag":2,"wilderwild:carnation":2,"minecraft:copper_ore":8,"minecraft:tall_grass":32,"minecells:alchemy_equipment_0":1,"wilderwild:palm_log":23,"minecraft:coarse_dirt":9,"minecraft:trapped_chest":1,"wilderwild:datura":21,"natures_spirit:sugi_planks":13,"minecraft:birch_leaves":12,"bountifulfares:flowering_apple_leaves":1,"minecraft:yellow_bed":1,"natures_spirit:gardenia":29,"natures_spirit:sugi_leaves":139,"minecraft:coal_ore":28,"minecraft:cherry_leaves":2,"minecraft:gravel":58,"wilderwild:milkweed":3,"minecraft:fern":9},"minecraft:dropped":{"sophisticatedbackpacks:iron_backpack":1,"minecraft:brown_mushroom":4,"minecraft:oak_log":3,"minecraft:baked_potato":1,"minecraft:orange_tulip":1,"promenade:maple_planks":14,"artifacts:flippers":1,"minecells:monsters_eye":1,"minecraft:red_mushroom":13,"minecraft:cod":1,"natures_spirit:sugi_sapling":12,"sophisticatedbackpacks:gold_backpack":3,"minecraft:gold_block":2,"minecraft:dirt":8,"bountifulfares:violet_bellflower":3,"enchanted:snowbell_seeds":1,"minecraft:gold_nugget":12,"minecraft:bone_meal":1,"natures_spirit:gardenia":5,"promenade:maple_slab":9,"immersive_armors:wooden_chestplate":1,"minecraft:birch_log":217,"minecraft:gold_ingot":12,"minecraft:bone":1,"wizards:staff_frost":1,"minecraft:gravel":1,"minecraft:birch_sapling":50,"wilderwild:milkweed":3,"minecraft:rotten_flesh":3,"minecraft:salmon":2,"minecells:quick_bow":1,"wilderwild:crab_claw":2,"justhammers:stone_hammer":5,"minecraft:gunpowder":2,"natures_spirit:sugi_log":246,"minecraft:chest":3,"enchanted:garlic":1,"minecraft:bread":11,"minecraft:oak_slab":1,"minecraft:wheat_seeds":4,"minecraft:cherry_log":34,"prefabricated:item_swift_blade_steel":4,"minecraft:cobblestone":3264,"minecells:marksmans_bow":1,"minecells:cell_infused_steel":8,"minecells:greed_shield":1,"minecraft:apple":1,"bountifulfares:berry_stuffed_potato":5,"natures_spirit:carnation":14,"minecraft:torch":25,"naturalist:bass":10,"minecells:explosive_bulb":3,"minecraft:wooden_axe":5,"promenade:mikado_maple_sapling":6,"wilderwild:carnation":1,"minecraft:coarse_dirt":9,"minecraft:stone_shovel":5,"promenade:asphalt":20,"minecells:monster_cell":2,"minecells:health_flask":12,"minecraft:stone_pickaxe":1},"minecraft:used":{"natures_spirit:sugi_planks":13,"prefabricated:item_swift_blade_steel":503,"bountifulfares:berry_stuffed_potato":28,"minecraft:iron_shovel":565,"minecraft:ladder":62,"minecraft:chest":8,"minecraft:stone":1,"minecraft:rotten_flesh":1,"minecraft:mutton":3,"minecraft:carrot":11,"naturalist:cooked_bass":27,"minecraft:tuff":40,"wildlife:cooked_koi":6,"wildlife:cooked_rainbow_trout":1,"minecraft:lantern":3,"natures_spirit:sugi_sapling":2,"prefabricated:item_swift_blade_stone":3,"minecells:balanced_blade":240,"minecraft:furnace":2,"minecraft:potato":49,"minecraft:stone_pickaxe":785,"minecraft:oak_planks":14,"minecraft:wooden_pickaxe":16,"minecraft:sand":35,"soulsweapons:bluemoon_shortsword":38,"wizards:wand_novice":2,"promenade:cooked_duck":17,"minecraft:bread":102,"minecraft:brown_wool":1,"minecraft:wooden_sword":59,"basicweapons:stone_hammer":2,"minecraft:stone_shovel":4115,"minecraft:cooked_salmon":9,"minecraft:cooked_chicken":6,"minecraft:torch":135,"minecraft:dirt":198,"minecraft:cherry_pressure_plate":2,"minecraft:wooden_axe":956,"minecells:guts":9,"minecraft:barrel":1,"minecraft:trapped_chest":1,"minecraft:cherry_log":13,"minecraft:wheat_seeds":6,"minecraft:birch_planks":12,"minecraft:baked_potato":12,"minecraft:crafting_table":19,"minecraft:cod":4,"minecraft:apple":21,"prefabricated:item_swift_blade_wood":105,"minecraft:iron_pickaxe":20,"minecells:prison_cobblestone":8,"justhammers:stone_hammer":1251,"minecraft:stone_axe":3097,"minecells:small_prison_bricks":1,"minecraft:cobblestone":167,"minecraft:cooked_porkchop":2},"minecraft:killed":{"promenade:capybara":1,"wildlife:rhino_beetle":1,"minecraft:witch":1,"minecraft:spider":7,"naturalist:robin":3,"minecraft:cod":13,"naturalist:boar":3,"minecells:sweeper":6,"minecraft:skeleton":17,"wildlife:catfish":1,"minecraft:bee":2,"minecraft:fox":1,"minecraft:chicken":1,"wildlife:horseshoecrab":1,"wildlife:bettafish":4,"minecells:leaping_zombie":33,"minecells:grenadier":12,"wilderwild:jellyfish":1,"wildlife:bluegill":1,"minecraft:pig":5,"naturalist:firefly":3,"minecraft:salmon":24,"minecraft:creeper":1,"bewitchment:raven":6,"minecraft:sheep":8,"bewitchment:owl":1,"minecraft:zombie":33,"wildlife:sparrow":3,"minecells:shieldbearer":31,"minecells:inquisitor":9,"promenade:duck":23,"minecells:undead_archer":16,"naturalist:duck":2,"bewitchment:ghost":1,"naturalist:coral_snake":2,"naturalist:bass":36,"wildlife:koi":4,"wildlife:rainbow_trout":4,"wildlife:hermitcrab":2,"minecells:runner":2,"wildlife:goldfish":8,"wildlife:seaurchin":3,"naturalist:lizard_tail":2,"wildlife:sanddollar":5,"wildlife:lark":2,"minecraft:squid":5,"variantsandventures:thicket":1,"wildlife:starfish":4,"naturalist:lizard":2,"wilderwild:crab":32,"minecraft:player":2,"minecells:buzzcutter":27},"minecraft:crafted":{"minecraft:oak_planks":32,"minecraft:cherry_pressure_plate":2,"minecraft:cooked_chicken":6,"minecraft:stone":198,"naturalist:cooked_bass":16,"immersive_armors:wooden_chestplate":1,"minecraft:chest":15,"immersive_armors:wooden_helmet":1,"medievalweapons:stone_rapier":2,"medievalweapons:stone_sickle":1,"minecraft:cooked_porkchop":2,"minecraft:crafting_table":5,"minecraft:wooden_pickaxe":1,"runes:fire_stone":66,"immersive_armors:wooden_leggings":1,"promenade:cooked_duck":18,"minecraft:gold_block":3,"minecraft:birch_planks":56,"immersive_armors:wooden_boots":1,"minecraft:stick":452,"minecraft:iron_ingot":21,"minecraft:iron_pickaxe":2,"minecraft:gold_ingot":1,"wildlife:cooked_rainbow_trout":5,"minecraft:cherry_planks":4,"minecraft:wooden_sword":1,"minecraft:stone_shovel":38,"minecells:cell_infused_steel":6,"minecraft:furnace":7,"minecraft:ladder":162,"promenade:maple_planks":40,"minecraft:stone_pickaxe":8,"wildlife:cooked_koi":6,"sophisticatedbackpacks:iron_backpack":1,"natures_spirit:sugi_planks":372,"minecraft:cooked_salmon":21,"sophisticatedbackpacks:gold_backpack":1,"minecraft:stone_axe":31,"minecraft:air":0,"justhammers:iron_hammer":3,"justhammers:stone_hammer":28,"minecraft:wooden_axe":19,"minecraft:iron_shovel":3,"minecraft:torch":144},"minecraft:picked_up":{"minecraft:wooden_axe":6,"minecraft:wheat":6,"minecells:small_prison_bricks":1,"minecraft:potion":1,"minecraft:enchanted_book":1,"natures_spirit:snapdragon":15,"minecells:buzzcutter_fang":10,"bountifulfares:grass_seeds":146,"minecraft:string":6,"minecraft:raw_copper":202,"bountifulfares:lemon":19,"minecraft:gold_nugget":10,"minecraft:cobbled_deepslate":565,"minecells:quick_bow":1,"minecraft:calcite":559,"minecells:molten_chunk":6,"minecells:transposition_core":3,"natures_spirit:sugi_sapling":1039,"minecells:guts":40,"minecraft:stick":1087,"promenade:maple_slab":9,"minecraft:torch":12,"minecells:balanced_blade":3,"minecraft:porkchop":19,"minecraft:cherry_log":523,"minecells:putrid_fence":1,"sophisticatedbackpacks:stack_upgrade_tier_3":1,"minecraft:rotten_flesh":68,"minecells:cell_infused_steel":13,"minecells:black_bridge_dimensional_rune":1,"promenade:apricot":12,"enchanted:belladonna_seeds":72,"prefabricated:item_swift_blade_steel":6,"minecraft:cod":11,"minecraft:cobblestone":10574,"minecraft:birch_log":367,"minecraft:pink_petals":289,"minecraft:feather":37,"minecraft:brown_wool":1,"promenade:fulvous_maple_sapling":30,"natures_spirit:sugi_log":2261,"minecraft:potato":58,"minecraft:flint":2,"minecraft:tuff":102,"minecraft:dirt":4361,"artifacts:flippers":1,"promenade:cooked_duck":3,"minecraft:bone":15,"minecraft:bow":5,"minecraft:wheat_seeds":117,"minecraft:orange_tulip":4,"natures_spirit:gardenia":42,"minecraft:fletching_table":1,"minecraft:rabbit":1,"minecraft:glowstone_dust":1,"minecraft:oak_planks":14,"prefabricated:item_swift_blade_wood":2,"enchanted:wolfsbane_seeds":66,"promenade:duck":21,"minecraft:poisonous_potato":1,"minecraft:sand":35,"sophisticatedbackpacks:iron_backpack":8,"minecraft:ink_sac":10,"minecells:cudgel":1,"minecells:metal_shards":9,"minecraft:lily_of_the_valley":3,"minecraft:trapped_chest":1,"minecraft:dark_oak_log":152,"minecraft:barrel":1,"sophisticatedbackpacks:advanced_pickup_upgrade":1,"minecells:explosive_bulb":5,"minecells:marksmans_bow":3,"minecells:ramparts_flag":2,"enchanted:snowbell_seeds":66,"wilderwild:crab_claw":21,"minecraft:bone_meal":3,"minecraft:bread":119,"minecraft:oak_sapling":11,"minecells:throwing_knife":16,"minecells:boss_stem_cell":1,"sophisticatedbackpacks:gold_backpack":20,"minecraft:coarse_dirt":9,"minecraft:crafting_table":12,"minecraft:chicken":7,"minecraft:ladder":1,"minecraft:brown_mushroom":20,"minecraft:gold_block":2,"minecraft:chain":5,"promenade:blunite":118,"minecraft:shield":1,"minecraft:compass":1,"minecraft:candle":1,"minecells:nutcracker":1,"mcdw:item_bee_stinger":2,"minecells:explosive_crossbow":2,"immersive_armors:wooden_leggings":4,"minecraft:iron_nugget":7,"minecraft:poppy":2,"minecraft:chest":3,"minecraft:birch_sapling":109,"minecraft:phantom_membrane":1,"natures_spirit:anemone":4,"minecells:torn_kings_crest_flag":1,"minecraft:dark_oak_sapling":36,"minecraft:raw_iron":12,"naturalist:duck":2,"promenade:asphalt":84,"runes:fire_stone":58,"minecells:monsters_eye":2,"minecells:arcane_goo":4,"sophisticatedbackpacks:backpack":1,"minecraft:recovery_compass":1,"minecraft:carrot":12,"wilderwild:glory_of_the_snow":2,"enchanted:water_artichoke_seeds":62,"minecraft:tnt":1,"bewitchment:garlic":17,"immersive_armors:wooden_helmet":4,"minecraft:arrow":78,"promenade:sap_maple_sapling":29,"minecraft:hay_block":36,"enchanted:mandrake_seeds":67,"minecraft:gold_ingot":36,"promenade:maple_planks":14,"minecraft:mutton":11,"wilderwild:datura":21,"immersive_aircraft:hull":1,"minecraft:skeleton_skull":4,"minecraft:white_wool":7,"minecraft:glow_ink_sac":2,"bountifulfares:violet_bellflower":6,"minecraft:salmon":14,"minecraft:leather":2,"minecraft:red_mushroom":42,"minecraft:acacia_wood":5,"minecraft:oak_log":20,"minecraft:yellow_bed":1,"minecraft:gunpowder":14,"natures_spirit:sugi_planks":33,"bewitchment:aconite_seeds":13,"minecells:health_flask":11,"naturalist:glow_goop":1,"promenade:mikado_maple_sapling":32,"naturalist:bass":31,"wilderwild:bush":2,"minecraft:apple":36,"minecells:kings_crest_flag":1,"bewitchment:mandrake_seeds":12,"minecraft:stone_pickaxe":1,"promenade:maple_log":142,"minecraft:glass_bottle":2,"minecraft:acacia_sapling":7,"minecraft:book":18,"wilderwild:milkweed":6,"soulsweapons:bluemoon_shortsword":2,"endrem:witch_pupil":1,"minecells:prison_cobblestone":14,"wilderwild:carnation":3,"minecells:monster_cell":106,"minecells:infected_flesh":51,"enchanted:garlic":78,"minecraft:gravel":83,"bewitchment:belladonna_seeds":8,"bewitchment:salt":84,"justhammers:stone_hammer":2,"naturalist:cooked_bass":11,"minecraft:spider_eye":2,"minecells:multiple_nocks_bow":2,"minecraft:oak_wood":16,"minecells:red_putrid_sapling":4,"immersive_armors:wooden_chestplate":5,"natures_spirit:carnation":28,"minecraft:cherry_sapling":292,"minecells:greed_shield":1,"minecraft:baked_potato":21,"immersive_armors:wooden_boots":4,"minecraft:coal":229}},"DataVersion":3465}