{"stats":{"minecraft:custom":{"minecraft:mob_kills":130,"minecraft:inspect_hopper":1,"minecraft:interact_with_crafting_table":35,"minecraft:open_barrel":2,"minecraft:leave_game":3,"minecraft:time_since_death":71960,"minecraft:climb_one_cm":71458,"minecraft:sprint_one_cm":648946,"minecraft:walk_one_cm":398389,"minecraft:drop":10,"minecraft:talked_to_villager":1,"minecraft:play_time":209565,"minecraft:deaths":1,"minecraft:sneak_time":260,"minecraft:walk_under_water_one_cm":46835,"minecraft:jump":1504,"minecraft:walk_on_water_one_cm":40229,"minecraft:total_world_time":209565,"minecraft:interact_with_furnace":15,"minecraft:sleep_in_bed":10,"minecraft:time_since_rest":4780,"minecraft:damage_taken":2396,"minecraft:damage_dealt":13864,"minecraft:swim_one_cm":94564,"minecraft:fly_one_cm":177584,"minecraft:open_chest":100,"minecraft:crouch_one_cm":468,"minecraft:fall_one_cm":34517},"minecraft:mined":{"minecraft:tuff":4,"bountifulfares:hanging_apple":5,"minecraft:cherry_log":63,"minecraft:grass_block":4,"minecraft:hay_block":27,"promenade:mikado_maple_leaf_pile":1,"promenade:maple_log":40,"promenade:fulvous_maple_leaf_pile":3,"minecraft:carrots":3,"wilderwild:glory_of_the_snow":2,"minecraft:bookshelf":6,"minecraft:potatoes":3,"minecells:torn_kings_crest_flag":1,"minecraft:stone":41,"natures_spirit:sugi_sapling":2,"minecells:kings_crest_flag":1,"bountifulfares:hanging_lemon":1,"natures_spirit:sugi_log":209,"minecraft:crafting_table":4,"minecraft:poppy":1,"wilderwild:carnation":1,"natures_spirit:anemone":3,"wilderwild:red_shelf_fungus":2,"minecraft:wheat":6,"natures_spirit:sugi_planks":13,"bountifulfares:flowering_apple_leaves":1,"minecraft:grass":13,"natures_spirit:gardenia":3,"minecraft:gravel":1,"minecraft:sand":22,"minecraft:deepslate":4,"minecraft:fern":1},"minecraft:used":{"natures_spirit:sugi_planks":13,"prefabricated:item_swift_blade_steel":115,"minecraft:cooked_salmon":1,"minecraft:torch":7,"minecraft:dirt":4,"minecraft:cherry_pressure_plate":2,"minecraft:carrot":6,"minecraft:wooden_axe":235,"natures_spirit:sugi_sapling":2,"minecraft:potato":16,"minecraft:wheat_seeds":6,"minecraft:stone_pickaxe":49,"minecraft:wooden_pickaxe":1,"minecraft:sand":35,"minecraft:crafting_table":4,"wizards:wand_novice":2,"promenade:cooked_duck":2,"minecraft:apple":6,"prefabricated:item_swift_blade_wood":105,"minecraft:bread":47,"justhammers:stone_hammer":8,"minecraft:stone_axe":135,"minecraft:wooden_sword":59,"basicweapons:stone_hammer":2,"minecraft:cooked_porkchop":2},"minecraft:dropped":{"prefabricated:item_swift_blade_steel":1,"minecraft:wooden_axe":4,"minecraft:bone":1,"minecraft:gravel":1,"minecraft:chest":3},"minecraft:picked_up":{"minecraft:wooden_axe":4,"minecraft:crafting_table":4,"minecraft:wheat":6,"minecraft:chicken":7,"minecraft:ladder":1,"minecraft:shield":1,"bountifulfares:grass_seeds":11,"minecraft:string":1,"bountifulfares:lemon":1,"minecraft:cobbled_deepslate":60,"immersive_armors:wooden_leggings":1,"minecraft:poppy":1,"minecraft:chest":3,"minecraft:raw_iron":2,"minecells:torn_kings_crest_flag":1,"natures_spirit:anemone":3,"natures_spirit:sugi_sapling":50,"minecells:guts":4,"minecraft:stick":62,"naturalist:duck":1,"sophisticatedbackpacks:backpack":1,"minecraft:porkchop":19,"minecraft:cherry_log":40,"minecraft:carrot":12,"wilderwild:glory_of_the_snow":2,"bewitchment:garlic":2,"immersive_armors:wooden_helmet":1,"minecraft:arrow":13,"minecraft:rotten_flesh":15,"promenade:sap_maple_sapling":7,"minecraft:hay_block":28,"enchanted:mandrake_seeds":1,"promenade:apricot":2,"prefabricated:item_swift_blade_steel":3,"minecraft:mutton":5,"minecraft:cobblestone":41,"minecraft:cod":6,"minecraft:white_wool":3,"minecraft:pink_petals":70,"minecraft:feather":14,"minecraft:salmon":6,"minecraft:leather":2,"promenade:fulvous_maple_sapling":6,"natures_spirit:sugi_log":90,"minecraft:red_mushroom":8,"minecraft:potato":13,"minecraft:tuff":3,"minecraft:gunpowder":2,"natures_spirit:sugi_planks":9,"bewitchment:aconite_seeds":1,"minecraft:dirt":16,"naturalist:glow_goop":1,"promenade:mikado_maple_sapling":10,"naturalist:bass":7,"minecraft:bone":12,"wilderwild:bush":2,"minecraft:apple":5,"minecraft:bow":2,"minecraft:wheat_seeds":21,"minecells:kings_crest_flag":1,"promenade:maple_log":40,"natures_spirit:gardenia":3,"minecraft:book":18,"prefabricated:item_swift_blade_wood":2,"enchanted:wolfsbane_seeds":2,"wilderwild:carnation":1,"promenade:duck":5,"minecells:monster_cell":10,"minecells:infected_flesh":5,"minecraft:gravel":1,"minecraft:sand":35,"minecraft:ink_sac":5,"naturalist:cooked_bass":11,"minecells:explosive_bulb":2,"immersive_armors:wooden_chestplate":1,"enchanted:snowbell_seeds":2,"wilderwild:crab_claw":7,"minecraft:bone_meal":1,"minecraft:cherry_sapling":29,"minecraft:bread":27,"minecraft:coal":32,"immersive_armors:wooden_boots":1},"minecraft:broken":{"prefabricated:item_swift_blade_wood":1,"minecraft:wooden_sword":1,"minecraft:wooden_axe":3},"minecraft:crafted":{"minecraft:cherry_planks":4,"minecraft:wooden_sword":1,"minecraft:cherry_pressure_plate":2,"minecraft:cooked_chicken":6,"minecraft:stone":19,"naturalist:cooked_bass":2,"promenade:maple_planks":20,"minecraft:chest":2,"medievalweapons:stone_rapier":2,"sophisticatedbackpacks:iron_backpack":1,"minecraft:cooked_porkchop":2,"minecraft:crafting_table":1,"minecraft:wooden_pickaxe":1,"natures_spirit:sugi_planks":84,"runes:fire_stone":66,"promenade:cooked_duck":2,"minecraft:cooked_salmon":5,"minecraft:stone_axe":4,"minecraft:air":0,"justhammers:stone_hammer":2,"minecraft:stick":8,"minecraft:wooden_axe":7},"minecraft:killed":{"wildlife:rhino_beetle":1,"promenade:duck":5,"minecraft:spider":2,"minecells:undead_archer":4,"naturalist:robin":2,"minecraft:cod":8,"naturalist:duck":1,"bewitchment:ghost":1,"naturalist:boar":3,"minecraft:skeleton":12,"naturalist:coral_snake":1,"wildlife:catfish":1,"minecraft:fox":1,"minecraft:chicken":1,"wildlife:horseshoecrab":1,"naturalist:bass":7,"wildlife:koi":1,"minecells:leaping_zombie":11,"minecells:grenadier":3,"wildlife:bluegill":1,"minecraft:pig":5,"naturalist:firefly":2,"minecraft:salmon":6,"wildlife:sanddollar":5,"wildlife:lark":1,"minecraft:squid":2,"minecraft:sheep":3,"minecraft:zombie":8,"wildlife:sparrow":2,"wildlife:starfish":2,"minecells:shieldbearer":5,"wilderwild:crab":11}},"DataVersion":3465}