{"stats":{"minecraft:broken":{"immersive_armors:wooden_leggings":1,"minecraft:stone_pickaxe":4,"prefabricated:item_swift_blade_steel":1,"minecraft:wooden_sword":1,"minecraft:stone_axe":6,"minecraft:wooden_axe":11,"immersive_armors:wooden_boots":1,"prefabricated:item_swift_blade_wood":1,"immersive_armors:wooden_helmet":1},"minecraft:mined":{"minecells:putrid_fence":1,"minecraft:cherry_log":181,"minecraft:grass_block":19,"bountifulfares:walnut_log":17,"bountifulfares:hanging_walnuts":1,"minecraft:pumpkin":22,"bountifulfares:tea_shrub":3,"wilderwild:brown_shelf_fungus":1,"natures_spirit:sugi_sapling":2,"minecraft:clay":12,"minecraft:torch":3,"minecraft:poppy":1,"minecraft:cobblestone":49,"minecraft:sugar_cane":2,"minecraft:oak_planks":6,"natures_spirit:anemone":3,"minecraft:wall_torch":8,"bountifulfares:fallen_walnuts":10,"minecraft:skeleton_skull":3,"minecraft:chain":1,"wilderwild:cattail":1,"wilderwild:red_shelf_fungus":2,"minecraft:birch_log":257,"minecraft:wheat":6,"minecraft:orange_tulip":1,"minecraft:grass":33,"minecraft:oak_log":14,"minecraft:sand":27,"minecraft:dirt":9,"minecraft:oak_leaves":10,"minecraft:deepslate":4,"minecraft:tuff":5,"bountifulfares:hanging_apple":15,"bountifulfares:orange_log":11,"minecraft:dark_oak_log":216,"minecells:prison_cobblestone":8,"bountifulfares:hanging_orange":2,"minecells:prison_stone":6,"bountifulfares:artisan_bread":1,"minecraft:hay_block":35,"promenade:mikado_maple_leaf_pile":1,"promenade:maple_log":40,"promenade:fulvous_maple_leaf_pile":3,"minecraft:carrots":3,"bountifulfares:walnut_leaves":2,"minecraft:acacia_wood":15,"natures_spirit:carnation":14,"wilderwild:glory_of_the_snow":2,"bountifulfares:violet_bellflower":3,"minecraft:bookshelf":6,"minecraft:potatoes":15,"minecraft:lantern":2,"minecells:torn_kings_crest_flag":1,"minecraft:stone":449,"natures_spirit:snapdragon":15,"minecells:kings_crest_flag":1,"bountifulfares:hanging_lemon":1,"promenade:blunite":62,"natures_spirit:sugi_log":660,"minecraft:crafting_table":15,"minecraft:oak_wood":16,"minecells:ramparts_flag":2,"wilderwild:carnation":2,"minecraft:tall_grass":6,"minecraft:copper_ore":5,"minecells:alchemy_equipment_0":1,"wilderwild:palm_log":11,"minecraft:coarse_dirt":9,"wilderwild:datura":21,"natures_spirit:sugi_planks":13,"minecraft:birch_leaves":12,"bountifulfares:flowering_apple_leaves":1,"natures_spirit:gardenia":8,"natures_spirit:sugi_leaves":65,"minecraft:coal_ore":24,"minecraft:gravel":17,"wilderwild:milkweed":3,"minecraft:fern":9},"minecraft:picked_up":{"minecraft:wooden_axe":6,"minecraft:wheat":6,"minecraft:enchanted_book":1,"natures_spirit:snapdragon":15,"minecells:buzzcutter_fang":10,"bountifulfares:grass_seeds":16,"minecraft:string":1,"minecraft:raw_copper":141,"bountifulfares:lemon":1,"minecraft:gold_nugget":10,"minecraft:cobbled_deepslate":60,"minecells:quick_bow":1,"minecells:molten_chunk":6,"minecells:transposition_core":3,"minecells:guts":40,"natures_spirit:sugi_sapling":267,"minecraft:stick":415,"minecraft:torch":10,"minecells:balanced_blade":3,"minecraft:porkchop":19,"minecraft:cherry_log":180,"minecells:putrid_fence":1,"sophisticatedbackpacks:stack_upgrade_tier_3":1,"minecraft:rotten_flesh":48,"minecells:cell_infused_steel":13,"minecells:black_bridge_dimensional_rune":1,"promenade:apricot":2,"enchanted:belladonna_seeds":1,"prefabricated:item_swift_blade_steel":6,"minecraft:cod":6,"minecraft:cobblestone":7786,"minecraft:birch_log":367,"minecraft:pink_petals":70,"minecraft:feather":37,"minecraft:brown_wool":1,"promenade:fulvous_maple_sapling":6,"natures_spirit:sugi_log":739,"minecraft:potato":13,"minecraft:tuff":3,"minecraft:dirt":66,"promenade:cooked_duck":3,"minecraft:bone":12,"minecraft:bow":5,"minecraft:orange_tulip":2,"minecraft:wheat_seeds":30,"natures_spirit:gardenia":13,"minecraft:rabbit":1,"minecraft:oak_planks":6,"prefabricated:item_swift_blade_wood":2,"enchanted:wolfsbane_seeds":2,"promenade:duck":21,"minecraft:sand":35,"sophisticatedbackpacks:iron_backpack":6,"minecraft:ink_sac":10,"minecells:metal_shards":9,"minecells:cudgel":1,"minecraft:dark_oak_log":152,"sophisticatedbackpacks:advanced_pickup_upgrade":1,"minecells:marksmans_bow":3,"minecells:explosive_bulb":5,"minecells:ramparts_flag":2,"enchanted:snowbell_seeds":5,"wilderwild:crab_claw":14,"minecraft:bone_meal":3,"minecraft:bread":119,"minecraft:oak_sapling":7,"minecells:throwing_knife":16,"minecells:boss_stem_cell":1,"sophisticatedbackpacks:gold_backpack":14,"minecraft:crafting_table":12,"minecraft:chicken":7,"minecraft:ladder":1,"minecraft:brown_mushroom":20,"minecraft:gold_block":2,"minecraft:chain":5,"promenade:blunite":118,"minecraft:shield":1,"minecraft:compass":1,"minecells:nutcracker":1,"mcdw:item_bee_stinger":2,"minecells:explosive_crossbow":2,"immersive_armors:wooden_leggings":3,"minecraft:iron_nugget":7,"minecraft:poppy":1,"minecraft:chest":3,"minecraft:birch_sapling":109,"natures_spirit:anemone":3,"minecells:torn_kings_crest_flag":1,"minecraft:dark_oak_sapling":36,"minecraft:raw_iron":5,"naturalist:duck":1,"promenade:asphalt":84,"runes:fire_stone":58,"minecells:monsters_eye":2,"minecells:arcane_goo":4,"sophisticatedbackpacks:backpack":1,"minecraft:recovery_compass":1,"wilderwild:glory_of_the_snow":2,"minecraft:carrot":12,"enchanted:water_artichoke_seeds":1,"minecraft:arrow":73,"immersive_armors:wooden_helmet":3,"bewitchment:garlic":2,"promenade:sap_maple_sapling":7,"minecraft:hay_block":36,"enchanted:mandrake_seeds":2,"minecraft:gold_ingot":36,"gravestones:gravestone":1,"minecraft:mutton":11,"immersive_aircraft:hull":1,"wilderwild:datura":21,"minecraft:skeleton_skull":4,"minecraft:white_wool":7,"minecraft:glow_ink_sac":2,"bountifulfares:violet_bellflower":6,"minecraft:salmon":14,"minecraft:leather":2,"minecraft:acacia_wood":5,"minecraft:red_mushroom":42,"minecraft:oak_log":17,"minecraft:gunpowder":8,"natures_spirit:sugi_planks":33,"bewitchment:aconite_seeds":1,"minecells:health_flask":11,"naturalist:glow_goop":1,"promenade:mikado_maple_sapling":10,"naturalist:bass":31,"wilderwild:bush":2,"minecraft:apple":36,"minecells:kings_crest_flag":1,"minecraft:stone_pickaxe":1,"promenade:maple_log":40,"minecraft:acacia_sapling":7,"minecraft:book":18,"wilderwild:milkweed":6,"wilderwild:carnation":3,"minecells:prison_cobblestone":14,"minecells:monster_cell":106,"minecells:infected_flesh":51,"enchanted:garlic":3,"minecraft:gravel":45,"bewitchment:salt":30,"naturalist:cooked_bass":11,"minecells:multiple_nocks_bow":2,"minecraft:oak_wood":16,"minecells:red_putrid_sapling":4,"immersive_armors:wooden_chestplate":4,"minecraft:cherry_sapling":88,"natures_spirit:carnation":28,"minecells:greed_shield":1,"minecraft:coal":176,"immersive_armors:wooden_boots":3},"minecraft:dropped":{"minecraft:brown_mushroom":4,"minecraft:oak_log":3,"minecraft:orange_tulip":1,"minecells:monsters_eye":1,"minecraft:red_mushroom":13,"minecraft:cod":1,"natures_spirit:sugi_sapling":12,"minecraft:gold_block":2,"sophisticatedbackpacks:gold_backpack":3,"minecraft:dirt":8,"bountifulfares:violet_bellflower":3,"enchanted:snowbell_seeds":1,"minecraft:gold_nugget":12,"minecraft:bone_meal":1,"natures_spirit:gardenia":5,"immersive_armors:wooden_chestplate":1,"minecraft:birch_log":217,"minecraft:gold_ingot":12,"minecraft:bone":1,"wizards:staff_frost":1,"minecraft:gravel":1,"minecraft:birch_sapling":50,"wilderwild:milkweed":3,"minecraft:rotten_flesh":3,"minecraft:salmon":2,"minecells:quick_bow":1,"wilderwild:crab_claw":2,"minecraft:gunpowder":2,"natures_spirit:sugi_log":246,"minecraft:chest":3,"enchanted:garlic":1,"minecraft:bread":11,"minecraft:wheat_seeds":4,"minecraft:cherry_log":34,"prefabricated:item_swift_blade_steel":4,"minecraft:cobblestone":3264,"minecells:marksmans_bow":1,"minecells:cell_infused_steel":8,"minecells:greed_shield":1,"minecraft:apple":1,"bountifulfares:berry_stuffed_potato":1,"natures_spirit:carnation":14,"naturalist:bass":10,"minecraft:wooden_axe":5,"minecells:explosive_bulb":3,"wilderwild:carnation":1,"promenade:asphalt":20,"minecells:monster_cell":2,"minecells:health_flask":12,"minecraft:stone_pickaxe":1},"minecraft:killed_by":{"minecraft:creeper":1,"minecells:concierge":2,"minecells:mutated_bat":2,"minecells:shieldbearer":1,"minecraft:zombie":1,"minecells:grenadier":4,"minecraft:player":3,"minecells:leaping_zombie":2,"minecells:runner":2},"minecraft:crafted":{"minecraft:oak_planks":24,"minecraft:cherry_pressure_plate":2,"minecraft:cooked_chicken":6,"minecraft:stone":150,"naturalist:cooked_bass":6,"immersive_armors:wooden_chestplate":1,"minecraft:chest":15,"immersive_armors:wooden_helmet":1,"medievalweapons:stone_rapier":2,"minecraft:cooked_porkchop":2,"minecraft:crafting_table":3,"minecraft:wooden_pickaxe":1,"runes:fire_stone":66,"immersive_armors:wooden_leggings":1,"promenade:cooked_duck":18,"minecraft:gold_block":3,"minecraft:birch_planks":56,"immersive_armors:wooden_boots":1,"minecraft:stick":408,"minecraft:gold_ingot":1,"minecraft:cherry_planks":4,"minecraft:wooden_sword":1,"minecells:cell_infused_steel":6,"minecraft:furnace":1,"minecraft:ladder":162,"promenade:maple_planks":20,"minecraft:stone_pickaxe":5,"sophisticatedbackpacks:iron_backpack":1,"natures_spirit:sugi_planks":372,"minecraft:cooked_salmon":9,"sophisticatedbackpacks:gold_backpack":1,"minecraft:stone_axe":9,"minecraft:air":0,"justhammers:stone_hammer":19,"minecraft:wooden_axe":19,"minecraft:torch":76},"minecraft:used":{"natures_spirit:sugi_planks":13,"prefabricated:item_swift_blade_steel":503,"bountifulfares:berry_stuffed_potato":9,"minecraft:ladder":62,"minecraft:chest":8,"minecraft:stone":1,"minecraft:rotten_flesh":1,"minecraft:mutton":3,"minecraft:carrot":9,"naturalist:cooked_bass":17,"minecraft:tuff":4,"minecraft:lantern":3,"natures_spirit:sugi_sapling":2,"minecells:balanced_blade":111,"minecraft:furnace":1,"minecraft:potato":28,"minecraft:stone_pickaxe":614,"minecraft:oak_planks":6,"minecraft:wooden_pickaxe":16,"minecraft:sand":35,"wizards:wand_novice":2,"promenade:cooked_duck":17,"minecraft:bread":94,"minecraft:brown_wool":1,"minecraft:wooden_sword":59,"basicweapons:stone_hammer":2,"minecraft:cooked_salmon":9,"minecraft:cooked_chicken":6,"minecraft:torch":93,"minecraft:dirt":4,"minecraft:cherry_pressure_plate":2,"minecraft:wooden_axe":761,"minecells:guts":9,"minecraft:wheat_seeds":6,"minecraft:birch_planks":12,"minecraft:crafting_table":16,"minecraft:cod":4,"minecraft:apple":21,"prefabricated:item_swift_blade_wood":105,"minecells:prison_cobblestone":8,"justhammers:stone_hammer":772,"minecraft:stone_axe":880,"minecraft:cobblestone":162,"minecraft:cooked_porkchop":2},"minecraft:custom":{"minecraft:interact_with_crafting_table":76,"minecraft:open_barrel":8,"minecraft:leave_game":3,"minecraft:time_since_death":78935,"minecraft:sprint_one_cm":1733002,"minecraft:drop":148,"minecraft:talked_to_villager":1,"minecraft:play_time":620690,"minecraft:deaths":22,"minecraft:jump":4850,"minecraft:walk_on_water_one_cm":128534,"minecraft:interact_with_furnace":42,"minecraft:sleep_in_bed":16,"minecraft:damage_dealt":39799,"minecraft:player_kills":2,"minecraft:crouch_one_cm":7138,"minecraft:mob_kills":335,"minecraft:inspect_hopper":1,"minecraft:climb_one_cm":119969,"minecraft:walk_one_cm":1569771,"minecraft:sneak_time":6155,"minecraft:walk_under_water_one_cm":106525,"minecraft:boat_one_cm":401524,"minecraft:total_world_time":620690,"minecraft:time_since_rest":79375,"minecraft:damage_taken":14924,"minecraft:trigger_trapped_chest":1,"minecraft:swim_one_cm":275422,"minecraft:fly_one_cm":600830,"minecraft:open_chest":309,"minecraft:fall_one_cm":110012},"minecraft:killed":{"promenade:capybara":1,"wildlife:rhino_beetle":1,"minecraft:spider":2,"naturalist:robin":3,"minecraft:cod":8,"naturalist:boar":3,"minecells:sweeper":6,"minecraft:skeleton":12,"wildlife:catfish":1,"minecraft:bee":2,"minecraft:fox":1,"minecraft:chicken":1,"wildlife:horseshoecrab":1,"wildlife:bettafish":1,"minecells:leaping_zombie":33,"minecells:grenadier":12,"wilderwild:jellyfish":1,"wildlife:bluegill":1,"minecraft:pig":5,"naturalist:firefly":2,"minecraft:salmon":13,"bewitchment:raven":6,"minecraft:sheep":8,"bewitchment:owl":1,"minecraft:zombie":15,"wildlife:sparrow":2,"minecells:shieldbearer":31,"minecells:inquisitor":9,"promenade:duck":23,"minecells:undead_archer":16,"naturalist:duck":1,"bewitchment:ghost":1,"naturalist:coral_snake":2,"naturalist:bass":23,"wildlife:koi":2,"wildlife:hermitcrab":1,"minecells:runner":2,"wildlife:goldfish":4,"wildlife:seaurchin":2,"naturalist:lizard_tail":2,"wildlife:sanddollar":5,"wildlife:lark":1,"minecraft:squid":5,"variantsandventures:thicket":1,"wildlife:starfish":2,"naturalist:lizard":2,"wilderwild:crab":20,"minecraft:player":2,"minecells:buzzcutter":27}},"DataVersion":3465}