{"stats":{"minecraft:killed":{"bloomingnature:deer":4,"promenade:duck":2,"minecraft:salmon":1,"minecraft:spider":2,"wildlife:sanddollar":2,"wildlife:lark":1,"naturalist:robin":2,"minecraft:cod":8,"bloomingnature:turkey":6,"minecraft:squid":2,"naturalist:boar":3,"minecraft:sheep":3,"minecraft:skeleton":5,"minecraft:zombie":5,"minecraft:fox":1,"naturalist:bass":4,"wildlife:sparrow":1,"wildlife:starfish":1,"wilderwild:crab":4},"minecraft:crafted":{"minecraft:wooden_sword":1,"minecraft:crafting_table":1,"minecraft:wooden_pickaxe":1,"natures_spirit:sugi_planks":4,"minecraft:cooked_chicken":6,"promenade:cooked_duck":2,"minecraft:air":0,"minecraft:stick":8,"promenade:maple_planks":20,"minecraft:wooden_axe":3},"minecraft:custom":{"minecraft:interact_with_furnace":6,"minecraft:mob_kills":57,"minecraft:interact_with_crafting_table":4,"minecraft:leave_game":1,"minecraft:time_since_death":78457,"minecraft:sleep_in_bed":3,"minecraft:climb_one_cm":15167,"minecraft:time_since_rest":32149,"minecraft:sprint_one_cm":303314,"minecraft:damage_taken":965,"minecraft:walk_one_cm":140109,"minecraft:damage_dealt":5288,"minecraft:swim_one_cm":47694,"minecraft:fly_one_cm":68731,"minecraft:open_chest":20,"minecraft:crouch_one_cm":8,"minecraft:play_time":78457,"minecraft:sneak_time":63,"minecraft:walk_under_water_one_cm":36449,"minecraft:jump":658,"minecraft:walk_on_water_one_cm":18832,"minecraft:total_world_time":78457,"minecraft:fall_one_cm":8324},"minecraft:used":{"minecraft:wheat_seeds":6,"minecraft:crafting_table":2,"minecraft:carrot":3,"minecraft:wooden_axe":184,"minecraft:apple":1,"minecraft:bread":26,"natures_spirit:sugi_sapling":2,"minecraft:stone_axe":135,"minecraft:wooden_sword":59,"minecraft:potato":3},"minecraft:picked_up":{"minecraft:pink_petals":70,"minecraft:crafting_table":2,"minecraft:feather":9,"minecraft:chicken":6,"minecraft:salmon":1,"minecraft:leather":1,"promenade:fulvous_maple_sapling":6,"natures_spirit:sugi_log":90,"minecraft:red_mushroom":8,"minecraft:dirt":12,"minecraft:gunpowder":2,"bountifulfares:grass_seeds":6,"minecraft:string":1,"bloomingnature:beach_grass":1,"bewitchment:aconite_seeds":1,"promenade:mikado_maple_sapling":10,"naturalist:bass":4,"minecraft:bone":6,"wilderwild:bush":2,"minecraft:wheat_seeds":5,"minecells:kings_crest_flag":1,"promenade:maple_log":40,"minecraft:poppy":1,"natures_spirit:anemone":3,"natures_spirit:sugi_sapling":50,"minecraft:stick":62,"enchanted:wolfsbane_seeds":2,"wilderwild:carnation":1,"promenade:duck":2,"minecraft:porkchop":6,"minecraft:cherry_log":40,"minecraft:ink_sac":5,"wilderwild:glory_of_the_snow":2,"minecraft:arrow":4,"bewitchment:garlic":1,"minecraft:rotten_flesh":5,"promenade:sap_maple_sapling":7,"enchanted:snowbell_seeds":2,"wilderwild:crab_claw":3,"minecraft:cherry_sapling":29,"minecraft:bone_meal":1,"enchanted:mandrake_seeds":1,"promenade:apricot":2,"minecraft:bread":12,"minecraft:mutton":5,"minecraft:cod":6,"minecraft:white_wool":3},"minecraft:mined":{"minecells:kings_crest_flag":1,"minecraft:cherry_log":63,"natures_spirit:sugi_log":209,"minecraft:crafting_table":2,"minecraft:poppy":1,"wilderwild:carnation":1,"natures_spirit:anemone":3,"wilderwild:red_shelf_fungus":2,"promenade:mikado_maple_leaf_pile":1,"promenade:maple_log":40,"promenade:fulvous_maple_leaf_pile":3,"wilderwild:glory_of_the_snow":2,"minecraft:grass":8,"minecraft:sand":3,"natures_spirit:sugi_sapling":2},"minecraft:broken":{"minecraft:wooden_sword":1,"minecraft:wooden_axe":3}},"DataVersion":3465}