{"stats":{"minecraft:killed_by":{"minecraft:creeper":1,"minecells:concierge":2,"minecells:grenadier":3,"minecraft:player":6,"minecells:leaping_zombie":4},"minecraft:custom":{"minecraft:interact_with_crafting_table":115,"minecraft:open_barrel":528,"goblintraders:trade_with_goblin":4,"minecraft:leave_game":17,"minecraft:time_since_death":172142,"minecraft:sprint_one_cm":2133163,"minecraft:drop":247,"minecraft:talked_to_villager":7,"minecraft:play_time":1061570,"minecraft:deaths":18,"minecraft:jump":11614,"minecraft:walk_on_water_one_cm":67189,"minecraft:interact_with_furnace":224,"minecraft:sleep_in_bed":12,"minecraft:damage_dealt":101723,"minecraft:player_kills":5,"minecraft:crouch_one_cm":21393,"minecraft:inspect_dispenser":1,"minecraft:horse_one_cm":18,"minecraft:mob_kills":564,"minecraft:inspect_hopper":2,"minecraft:climb_one_cm":233404,"minecraft:walk_one_cm":2203282,"minecraft:sneak_time":10784,"minecraft:walk_under_water_one_cm":51859,"minecraft:total_world_time":1061570,"minecraft:tune_noteblock":18,"minecraft:raid_trigger":1,"minecraft:time_since_rest":8682,"minecraft:damage_taken":23819,"minecraft:damage_absorbed":40,"minecraft:swim_one_cm":66716,"minecraft:fly_one_cm":2623825,"minecraft:open_chest":386,"minecraft:fish_caught":4,"minecraft:fall_one_cm":267210},"minecraft:broken":{"mcdw:pick_mountaineer_pick":1,"immersive_armors:wooden_leggings":2,"minecraft:iron_boots":2,"minecraft:iron_chestplate":2,"minecraft:iron_leggings":2,"minecraft:chainmail_boots":1,"minecraft:stone_pickaxe":3,"minecraft:chainmail_chestplate":1,"prefabricated:item_swift_blade_steel":2,"minecraft:wooden_axe":8,"minecraft:stone_shovel":2,"immersive_armors:wooden_chestplate":2,"minecraft:chainmail_leggings":1,"minecraft:stone_sword":1,"immersive_armors:wooden_boots":2,"minecraft:chainmail_helmet":1,"immersive_armors:wooden_helmet":2,"minecraft:iron_helmet":2},"minecraft:mined":{"bountifulfares:wild_carrots":2,"minecells:small_prison_bricks":4,"minecraft:white_bed":1,"minecraft:grass_block":87,"minecraft:coal_block":7,"minecells:putrid_board_block":2,"minecells:bloomrock_tiles":4,"minecraft:oak_wall_sign":1,"minecraft:smooth_stone":1,"minecraft:iron_ore":3,"minecraft:barrel":6,"minecraft:fire":3,"minecraft:cobbled_deepslate":13,"minecraft:pumpkin":2,"minecraft:deepslate_lapis_ore":2,"minecells:prison_torch":2,"bountifulfares:wild_wheat":1,"promenade:vermilion_maple_leaf_pile":1,"minecells:wilted_wall_leaves":8,"bewitchment:deepslate_salt_ore":5,"minecraft:player_head":2,"minecraft:deepslate_redstone_ore":2,"minecraft:red_bed":1,"soulsweapons:verglas_ore_deepslate":4,"minecraft:smoker":1,"minecraft:torch":13,"promenade:fulvous_carpeted_grass_block":60,"minecraft:blast_furnace":1,"minecells:skeleton":1,"minecraft:chest":3,"minecraft:mushroom_stem":1,"minecraft:cobblestone":8,"minecraft:damaged_anvil":1,"minecraft:sugar_cane":5,"minecraft:wall_torch":16,"minecraft:deepslate_copper_ore":2,"wilderwild:cattail":2,"minecells:small_prison_brick_stairs":1,"minecraft:grass":161,"minecraft:oak_log":97,"minecraft:sand":59,"minecraft:dirt":16,"promenade:asphalt":2,"minecells:bloomrock_wilted_grass_block":4,"minecraft:deepslate":189,"soulsweapons:verglas_ore":1,"minecraft:suspicious_gravel":12,"minecraft:tuff":8,"minecraft:deepslate_diamond_ore":1,"minecraft:candle":1,"promenade:vermilion_carpeted_grass_block":18,"minecraft:glow_lichen":1,"minecraft:cartography_table":1,"minecraft:sandstone":1,"bewitchment:deepslate_silver_ore":37,"minecraft:large_fern":10,"minecraft:hay_block":14,"bountifulfares:lemon_log":10,"promenade:maple_log":24,"promenade:fulvous_maple_leaf_pile":3,"minecraft:furnace":3,"minecraft:carrots":33,"soulsweapons:moonstone_ore_deepslate":7,"minecraft:bookshelf":7,"minecraft:deepslate_iron_ore":58,"bewitchment:salt_ore":122,"minecraft:bamboo":2,"minecraft:stone":176,"minecells:alchemy_equipment_1":1,"promenade:blunite":34,"minecells:wilted_leaves":6,"natures_spirit:sugi_log":321,"minecraft:crafting_table":8,"minecraft:oak_wood":140,"minecells:ramparts_flag":1,"minecraft:copper_ore":12,"minecraft:tall_grass":33,"enchanted:garlic":25,"minecells:alchemy_equipment_0":1,"minecraft:deepslate_gold_ore":31,"minecraft:coarse_dirt":36,"minecraft:brick_slab":1,"minecraft:spruce_log":3,"natures_spirit:gardenia":1,"minecraft:coal_ore":68,"minecraft:gravel":152,"minecraft:dripstone_block":4,"minecraft:cobweb":21,"minecells:ramparts_torch":3,"minecraft:fern":12},"minecraft:dropped":{"sophisticatedbackpacks:iron_backpack":4,"naturalist:lizard_tail":1,"minecraft:brown_mushroom":4,"simplyskills:skill_chronicle":3,"minecraft:crossbow":3,"immersive_aircraft:hull":1,"artifacts:flippers":1,"minecraft:gold_block":2,"natures_spirit:sugi_sapling":51,"bewitchment:aconite_seeds":2,"minecells:infected_flesh":49,"immersive_armors:wooden_leggings":1,"minecells:throwing_knife":16,"minecraft:chain":1,"enchanted:snowbell_seeds":1,"minecraft:gold_nugget":10,"bewitchment:belladonna_seeds":4,"minecraft:gold_ingot":33,"minecraft:bone":6,"minecraft:gravel":96,"bewitchment:salt":66,"minecraft:golden_chestplate":1,"minecraft:cobbled_deepslate":557,"minecraft:rotten_flesh":82,"mcdw:sword_sponge_striker":1,"justhammers:iron_hammer":3,"minecraft:carrot":1,"bountifulfares:lemon":1,"justhammers:stone_hammer":2,"minecraft:gunpowder":12,"minecells:balanced_blade":3,"soulsweapons:verglas":1,"minecraft:oak_wood":64,"minecraft:beetroot_seeds":8,"enchanted:garlic":9,"minecells:putrid_log":16,"minecraft:iron_ingot":20,"minecraft:bread":12,"minecraft:wheat_seeds":9,"enchanted:wolfsbane_seeds":6,"minecraft:cobblestone":2,"minecraft:lead":1,"bountifulfares:grass_seeds":41,"minecraft:coal":12,"soulsweapons:holy_greatsword":1,"minecraft:torch":7,"bewitchment:garlic":1,"minecraft:string":8,"prefabricated:item_house":1,"minecraft:pink_petals":8,"minecraft:smooth_basalt":19,"enchanted:belladonna_seeds":2,"enchanted:mandrake_seeds":3,"minecraft:coarse_dirt":30,"minecells:explosive_crossbow":1,"minecraft:tuff":64,"minecraft:clay_ball":12,"minecraft:damaged_anvil":1,"minecraft:lily_of_the_valley":1,"minecraft:shield":1,"bewitchment:mandrake_seeds":4,"minecraft:oak_sapling":22,"artifacts:pickaxe_heater":2,"minecraft:spider_eye":3,"minecraft:bow":1,"minecraft:stone_pickaxe":1},"minecraft:used":{"natures_spirit:sugi_planks":29,"prefabricated:item_swift_blade_steel":576,"bountifulfares:berry_stuffed_potato":4,"minecraft:oak_sign":2,"minecraft:chest":10,"enchanted:garlic":25,"minecraft:rotten_flesh":8,"minecraft:player_head":2,"minecraft:iron_chestplate":1,"minecraft:brick_slab":1,"minecraft:carrot":110,"naturalist:cooked_bass":34,"minecraft:tuff":44,"minecraft:big_dripleaf":1,"handcrafted:skeleton_trophy":1,"sophisticatedbackpacks:diamond_backpack":4,"minecells:bloomrock_bricks":52,"minecraft:iron_helmet":1,"minecells:ramparts_flag":1,"natures_spirit:sugi_sapling":26,"minecells:balanced_blade":259,"minecraft:bow":33,"minecraft:furnace":13,"minecraft:potato":3,"bewitchment:garlic":4,"minecraft:oak_planks":1,"minecraft:stone_pickaxe":508,"natures_spirit:gardenia":1,"mcdw:pick_mountaineer_pick":280,"minecraft:orange_tulip":1,"minecraft:wooden_pickaxe":45,"minecraft:sugar_cane":7,"promenade:vermilion_maple_sapling":1,"minecraft:cookie":1,"naturalist:duck_egg":7,"minecraft:golden_apple":1,"minecraft:sand":15,"minecraft:dripstone_block":2,"minecraft:cobbled_deepslate_stairs":4,"promenade:cooked_duck":2,"wilderwild:cattail":2,"minecraft:bread":92,"wilderwild:crab_claw":2,"minecells:bloomrock":8,"bountifulfares:artisan_bread":2,"minecraft:wooden_sword":18,"promenade:blunite":18,"naturalist:cooked_duck":4,"minecraft:chain":1,"handcrafted:witch_trophy":1,"minecraft:bone_meal":78,"sophisticatedbackpacks:iron_backpack":2,"minecraft:stone_sword":118,"bountifulfares:lemon_sapling":4,"wildlife:cooked_catfish":3,"minecraft:stone_shovel":265,"minecraft:cooked_salmon":15,"minecraft:torch":275,"minecraft:dirt":5,"minecraft:spruce_fence":3,"mcdw:bow_trickbow":60,"promenade:duck":4,"minecells:bloomrock_tiles":31,"minecells:monsters_eye":10,"minecraft:wooden_axe":634,"bountifulfares:maize_stuffed_potato":51,"minecells:guts":79,"minecraft:iron_boots":1,"bountifulfares:lemon":6,"handcrafted:vindicator_trophy":1,"minecraft:cobbled_deepslate":472,"minecraft:pointed_dripstone":1,"minecraft:iron_leggings":1,"naturalist:lizard_tail":1,"naturalist:bass":1,"minecraft:cooked_mutton":7,"minecraft:wheat_seeds":18,"minecraft:water_bucket":6,"minecells:spite_sword":71,"minecells:putrid_planks":15,"minecraft:rabbit":1,"minecraft:baked_potato":11,"wildlife:raw_bluegill":2,"minecraft:salmon":2,"minecraft:crafting_table":10,"minecraft:red_bed":1,"minecraft:cod":1,"minecraft:spruce_log":5,"justhammers:iron_hammer":346,"soulsweapons:holy_greatsword":756,"minecraft:wooden_hoe":2,"minecraft:apple":13,"runes:crafting_altar":1,"mcdw:sword_katana":17,"natures_spirit:sugi_log":3,"minecraft:spruce_trapdoor":4,"justhammers:stone_hammer":157,"minecells:infected_flesh":4,"minecells:small_prison_bricks":8,"minecraft:fishing_rod":19,"mcdw:scythe_jailors_scythe":11,"minecraft:cobblestone":78,"minecraft:white_banner":1,"minecraft:cooked_porkchop":15,"minecraft:bucket":9,"minecraft:pumpkin_pie":3,"wildlife:cooked_goldfish":2},"minecraft:killed":{"wildlife:rhino_beetle":1,"wildlife:phoebe":1,"wildlife:cricket":1,"wildlife:staghorn_beetle":2,"minecraft:spider":16,"minecells:sweeper":15,"minecraft:skeleton":112,"wildlife:dragonfly":1,"minecells:leaping_zombie":68,"wildlife:flycatcher":1,"minecells:protector":18,"minecells:grenadier":28,"wildlife:goldfinch":2,"minecraft:pig":2,"minecraft:zombie_villager":4,"naturalist:firefly":3,"minecraft:salmon":11,"minecraft:creeper":11,"bewitchment:raven":8,"minecraft:sheep":3,"minecraft:pillager":10,"minecraft:zombie":66,"wildlife:sparrow":1,"minecells:shieldbearer":25,"minecells:inquisitor":26,"minecells:mutated_bat":11,"promenade:duck":4,"minecraft:vindicator":4,"minecells:undead_archer":16,"wildlife:sunflowerbeetle":4,"naturalist:duck":3,"bewitchment:ghost":1,"minecraft:phantom":3,"wildlife:spicebush_butterfly":1,"wildlife:ladybug":1,"naturalist:bass":14,"goblintraders:goblin_trader":1,"bewitchment:snake":1,"wildlife:bluebird":1,"minecells:runner":10,"naturalist:butterfly":4,"naturalist:lizard_tail":2,"wildlife:lark":1,"naturalist:lizard":2,"wilderwild:crab":3,"naturalist:sparrow":6,"minecraft:player":3,"minecells:buzzcutter":28},"minecraft:crafted":{"minecraft:brick":3,"naturalist:cooked_duck":4,"prefabricated:item_bundle_of_timber":19,"minecraft:oak_planks":124,"minecraft:chain":2,"minecraft:stone":269,"sophisticatedbackpacks:crafting_upgrade":1,"naturalist:cooked_bass":20,"minecells:putrid_planks":64,"minecraft:cooked_mutton":7,"immersive_armors:wooden_chestplate":1,"mcdw:bow_trickbow":2,"minecraft:glass":8,"minecraft:bow":3,"minecraft:iron_boots":1,"immersive_aircraft:hull":1,"minecraft:chest":7,"prefabricated:item_house":8,"immersive_armors:wooden_helmet":1,"prefabricated:item_farm_improved":1,"prefabricated:item_farm":1,"minecraft:glass_bottle":6,"wildlife:cooked_catfish":3,"minecraft:emerald":1,"minecraft:cooked_porkchop":15,"minecraft:crafting_table":12,"minecraft:spruce_planks":24,"minecraft:wooden_pickaxe":1,"minecraft:iron_helmet":1,"handcrafted:witch_trophy":1,"immersive_armors:wooden_leggings":2,"promenade:cooked_duck":2,"minecraft:clock":7,"minecraft:copper_ingot":38,"prefabricated:block_double_compressed_stone":1,"sophisticatedbackpacks:upgrade_base":1,"mcdw:scythe_jailors_scythe":1,"immersive_armors:wooden_boots":1,"minecraft:spruce_trapdoor":2,"minecraft:wooden_hoe":2,"minecraft:iron_chestplate":1,"minecraft:book":2,"minecraft:charcoal":18,"sophisticatedbackpacks:diamond_backpack":1,"minecraft:stick":136,"minecraft:iron_pickaxe":2,"minecraft:iron_ingot":90,"runes:crafting_altar":1,"minecraft:stone_sword":1,"minecraft:gold_ingot":57,"prefabricated:item_house_improved":3,"naturalist:bug_net":1,"simplyskills:skill_chronicle":2,"minecraft:cherry_planks":4,"prefabricated:block_compressed_stone":24,"minecraft:wooden_sword":1,"minecraft:stone_shovel":1,"minecraft:coal":30,"minecraft:fishing_rod":1,"minecraft:iron_nugget":9,"minecells:cell_infused_steel":31,"mcdw:pick_mountaineer_pick":2,"minecraft:furnace":16,"minecraft:bone_meal":78,"handcrafted:vindicator_trophy":1,"minecraft:spruce_fence":3,"minecraft:diamond":9,"minecraft:iron_axe":1,"promenade:maple_planks":12,"mcdw:sickle_sickle":1,"minecraft:stone_pickaxe":4,"minecraft:cobbled_deepslate_stairs":4,"minecraft:wheat":126,"handcrafted:skeleton_trophy":1,"natures_spirit:sugi_planks":316,"minecraft:iron_sword":1,"prefabricated:item_heap_of_timber":1,"minecraft:cooked_salmon":2,"sophisticatedbackpacks:gold_backpack":1,"minecraft:bucket":1,"wildlife:cooked_goldfish":2,"minecraft:stone_axe":1,"mcdw:sword_katana":1,"minecraft:bread":48,"minecraft:air":0,"minecraft:oak_log":9,"justhammers:iron_hammer":4,"minecraft:white_wool":19,"justhammers:stone_hammer":2,"minecraft:wooden_axe":8,"minecraft:iron_leggings":1,"minecraft:white_bed":6,"minecraft:torch":172,"bewitchment:silver_ingot":51},"minecraft:picked_up":{"minecraft:iron_chestplate":1,"minecraft:wheat":18,"minecraft:chainmail_boots":2,"minecells:small_prison_bricks":13,"minecraft:lead":4,"soulsweapons:moonstone":8,"minecraft:enchanted_book":3,"minecells:buzzcutter_fang":21,"bountifulfares:grass_seeds":61,"minecraft:amethyst_block":7,"minecraft:sticky_piston":3,"minecraft:string":145,"minecraft:raw_copper":138,"minecraft:cooked_salmon":13,"minecraft:iron_leggings":1,"minecells:ramparts_torch":3,"bountifulfares:lemon":7,"minecraft:oak_sign":2,"minecraft:gold_nugget":12,"minecraft:cobbled_deepslate":3407,"bosses_of_mass_destruction:soul_star":3,"minecraft:spruce_planks":1,"minecraft:redstone_torch":4,"minecraft:calcite":8,"minecraft:iron_pickaxe":1,"minecells:molten_chunk":15,"minecraft:coal_block":7,"minecells:transposition_core":1,"minecraft:iron_boots":1,"minecraft:furnace":4,"minecells:guts":80,"natures_spirit:sugi_sapling":156,"minecraft:stick":90,"minecraft:big_dripleaf":1,"minecraft:torch":65,"wildlife:raw_prawn":1,"minecells:balanced_blade":2,"minecraft:porkchop":15,"minecells:putrid_log":16,"minecraft:pointed_dripstone":1,"minecraft:golden_chestplate":2,"wildlife:raw_rainbow_trout":4,"prefabricated:block_compressed_stone":7,"minecraft:rotten_flesh":137,"minecells:putrid_board_block":2,"enchanted:belladonna_seeds":3,"prefabricated:item_swift_blade_steel":2,"minecraft:cod":4,"minecraft:cobblestone":561,"minecraft:furnace_minecart":2,"minecraft:pink_petals":8,"minecraft:feather":6,"minecraft:golden_leggings":1,"promenade:fulvous_maple_sapling":4,"natures_spirit:sugi_log":207,"minecraft:smoker":1,"minecraft:flint":14,"minecraft:tuff":224,"naturalist:lizard_tail":2,"artifacts:pickaxe_heater":6,"minecraft:lapis_lazuli":73,"minecraft:dirt":183,"artifacts:flippers":9,"minecraft:leather_boots":1,"minecraft:bone":81,"minecraft:bow":8,"minecraft:wheat_seeds":43,"minecraft:orange_tulip":1,"minecraft:raw_gold":50,"natures_spirit:gardenia":1,"minecraft:bamboo":25,"minecraft:rabbit":1,"minecraft:oak_planks":2,"enchanted:wolfsbane_seeds":8,"patchouli:guide_book":1,"promenade:duck":4,"bountifulfares:lemon_log":10,"justhammers:iron_hammer":2,"minecraft:sand":26,"sophisticatedbackpacks:iron_backpack":14,"minecraft:lily_of_the_valley":1,"minecells:metal_shards":20,"minecraft:diamond_block":1,"minecraft:barrel":6,"naturalist:duck_egg":7,"minecraft:diamond":21,"minecells:explosive_bulb":10,"minecells:ramparts_flag":1,"enchanted:snowbell_seeds":2,"minecraft:crossbow":3,"wilderwild:crab_claw":2,"minecells:bloomrock":4,"soulsweapons:verglas":7,"minecraft:chainmail_helmet":1,"minecraft:emerald":9,"minecraft:bread":3,"minecraft:oak_sapling":76,"wilderwild:cattail":2,"bountifulfares:berry_stuffed_potato":4,"minecells:boss_stem_cell":1,"minecraft:charcoal":9,"sophisticatedbackpacks:gold_backpack":2,"minecraft:crafting_table":7,"minecells:putrid_sapling":1,"minecraft:coarse_dirt":30,"minecraft:redstone_lamp":5,"minecraft:clay_ball":12,"minecraft:brown_mushroom":10,"minecraft:wooden_pickaxe":1,"minecraft:gold_block":2,"minecraft:chain":1,"minecraft:shield":2,"promenade:blunite":40,"minecells:bloomrock_tiles":4,"minecraft:brick":21,"bountifulfares:lemon_sapling":9,"minecraft:red_bed":1,"minecraft:iron_shovel":1,"minecraft:cartography_table":1,"minecraft:candle":3,"immersive_armors:wooden_leggings":3,"minecraft:player_head":2,"minecraft:sugar_cane":13,"minecraft:minecart":3,"minecraft:chest":3,"minecraft:piston":2,"minecraft:spruce_trapdoor":2,"minecraft:phantom_membrane":2,"minecraft:raw_iron":103,"naturalist:duck":3,"minecraft:stone":2,"minecells:bloomrock_bricks":11,"promenade:asphalt":4,"minecells:monsters_eye":5,"simplyskills:skill_chronicle":2,"minecells:arcane_goo":26,"minecraft:spruce_fence":1,"minecraft:carrot":119,"minecraft:redstone":170,"wildlife:raw_catfish":1,"minecraft:arrow":122,"immersive_armors:wooden_helmet":2,"bewitchment:garlic":5,"minecraft:beetroot_seeds":8,"minecraft:hay_block":14,"enchanted:mandrake_seeds":3,"minecraft:gold_ingot":13,"wizards:staff_wizard":1,"minecraft:mutton":3,"minecraft:white_wool":4,"minecraft:skeleton_skull":1,"minecraft:rail":7,"wildlife:raw_bluegill":1,"minecraft:clock":1,"minecraft:salmon":8,"minecraft:leather":1,"minecraft:red_mushroom":3,"minecraft:oak_log":95,"minecraft:chainmail_chestplate":2,"minecraft:lily_pad":1,"prefabricated:item_house":2,"minecraft:gunpowder":27,"bewitchment:aconite_seeds":3,"minecraft:white_banner":3,"naturalist:glow_goop":1,"naturalist:bass":13,"minecells:spite_sword":1,"minecraft:apple":13,"minecells:prison_torch":2,"bewitchment:mandrake_seeds":5,"minecraft:iron_ingot":24,"minecraft:stone_pickaxe":1,"minecraft:iron_ore":9,"minecraft:cobweb":4,"promenade:maple_log":24,"minecraft:iron_sword":1,"sophisticatedbackpacks:diamond_backpack":7,"mcdw:sword_sponge_striker":1,"minecraft:book":26,"bountifulfares:maize_stuffed_potato":4,"minecraft:smooth_basalt":19,"minecraft:pumpkin":2,"minecells:monster_cell":128,"prefabricated:item_bundle_of_timber":5,"minecells:infected_flesh":91,"minecraft:dripstone_block":4,"enchanted:garlic":100,"minecraft:gravel":166,"bewitchment:belladonna_seeds":4,"bewitchment:salt":243,"justhammers:stone_hammer":2,"minecraft:blast_furnace":1,"minecraft:white_bed":1,"minecraft:spruce_log":67,"naturalist:cooked_bass":7,"minecraft:spider_eye":7,"minecraft:brick_slab":1,"minecells:electric_whip":1,"minecraft:oak_wood":156,"promenade:vermilion_maple_sapling":2,"minecraft:stone_axe":1,"bewitchment:raw_silver":50,"minecraft:chainmail_leggings":2,"immersive_armors:wooden_chestplate":2,"minecraft:iron_helmet":1,"minecraft:diamond_axe":1,"minecells:greed_shield":1,"minecraft:baked_potato":11,"minecraft:damaged_anvil":1,"immersive_armors:wooden_boots":2,"minecraft:coal":119}},"DataVersion":3465}