{"stats":{"minecraft:killed_by":{"minecraft:creeper":1,"minecells:concierge":2,"minecells:grenadier":3,"minecraft:player":1,"minecells:leaping_zombie":4},"minecraft:custom":{"minecraft:interact_with_crafting_table":93,"minecraft:open_barrel":363,"goblintraders:trade_with_goblin":4,"minecraft:leave_game":6,"minecraft:time_since_death":95886,"minecraft:sprint_one_cm":1316983,"minecraft:drop":121,"minecraft:talked_to_villager":5,"minecraft:play_time":702081,"minecraft:deaths":13,"minecraft:jump":7005,"minecraft:walk_on_water_one_cm":52465,"minecraft:interact_with_furnace":122,"minecraft:sleep_in_bed":8,"minecraft:damage_dealt":74951,"minecraft:crouch_one_cm":14636,"minecraft:inspect_dispenser":1,"minecraft:mob_kills":445,"minecraft:inspect_hopper":1,"minecraft:climb_one_cm":159746,"minecraft:walk_one_cm":1458233,"minecraft:sneak_time":7484,"minecraft:walk_under_water_one_cm":38405,"minecraft:total_world_time":702081,"minecraft:tune_noteblock":15,"minecraft:time_since_rest":95927,"minecraft:damage_taken":16425,"minecraft:swim_one_cm":49396,"minecraft:fly_one_cm":1529387,"minecraft:open_chest":273,"minecraft:fish_caught":2,"minecraft:fall_one_cm":162911},"minecraft:broken":{"immersive_armors:wooden_leggings":2,"minecraft:chainmail_boots":1,"minecraft:stone_pickaxe":2,"minecraft:chainmail_chestplate":1,"prefabricated:item_swift_blade_steel":2,"minecraft:wooden_axe":4,"immersive_armors:wooden_chestplate":2,"minecraft:chainmail_leggings":1,"minecraft:stone_sword":1,"immersive_armors:wooden_boots":2,"minecraft:chainmail_helmet":1,"immersive_armors:wooden_helmet":2},"minecraft:mined":{"bountifulfares:wild_carrots":2,"minecells:small_prison_bricks":4,"minecraft:white_bed":1,"minecraft:grass_block":7,"minecraft:coal_block":3,"minecells:putrid_board_block":2,"minecells:bloomrock_tiles":4,"minecraft:oak_wall_sign":1,"minecraft:smooth_stone":1,"minecraft:iron_ore":1,"minecraft:cobbled_deepslate":1,"minecraft:fire":3,"minecraft:barrel":6,"minecraft:pumpkin":2,"minecells:prison_torch":2,"minecells:wilted_wall_leaves":1,"minecraft:player_head":2,"minecraft:red_bed":1,"minecraft:torch":4,"promenade:fulvous_carpeted_grass_block":1,"minecraft:blast_furnace":1,"minecraft:chest":1,"minecraft:mushroom_stem":1,"minecraft:cobblestone":8,"minecraft:sugar_cane":1,"minecraft:wall_torch":8,"minecraft:deepslate_copper_ore":2,"wilderwild:cattail":2,"minecells:small_prison_brick_stairs":1,"minecraft:grass":119,"minecraft:oak_log":97,"minecraft:sand":46,"minecraft:dirt":1,"promenade:asphalt":2,"minecells:bloomrock_wilted_grass_block":4,"minecraft:deepslate":70,"minecraft:suspicious_gravel":12,"minecraft:tuff":6,"minecraft:candle":1,"minecraft:glow_lichen":1,"minecraft:cartography_table":1,"minecraft:sandstone":1,"minecraft:large_fern":8,"minecraft:hay_block":14,"bountifulfares:lemon_log":10,"promenade:maple_log":24,"promenade:fulvous_maple_leaf_pile":1,"minecraft:furnace":3,"minecraft:carrots":3,"minecraft:bookshelf":3,"bewitchment:salt_ore":105,"minecraft:bamboo":2,"minecraft:stone":167,"minecells:alchemy_equipment_1":1,"promenade:blunite":27,"natures_spirit:sugi_log":75,"minecraft:crafting_table":6,"minecraft:oak_wood":140,"minecraft:copper_ore":3,"minecraft:tall_grass":29,"enchanted:garlic":7,"minecells:alchemy_equipment_0":1,"minecraft:coarse_dirt":36,"minecraft:spruce_log":3,"natures_spirit:gardenia":1,"minecraft:coal_ore":59,"minecraft:gravel":29,"minecraft:dripstone_block":4,"minecraft:cobweb":21,"minecells:ramparts_torch":3,"minecraft:fern":11},"minecraft:dropped":{"sophisticatedbackpacks:iron_backpack":4,"naturalist:lizard_tail":1,"minecraft:brown_mushroom":4,"simplyskills:skill_chronicle":3,"immersive_aircraft:hull":1,"artifacts:flippers":1,"minecraft:gold_block":2,"minecells:infected_flesh":49,"minecells:throwing_knife":16,"minecraft:chain":1,"minecraft:gold_nugget":10,"bewitchment:belladonna_seeds":3,"minecraft:gold_ingot":33,"minecraft:bone":2,"minecraft:gravel":3,"bewitchment:salt":66,"minecraft:rotten_flesh":30,"mcdw:sword_sponge_striker":1,"bountifulfares:lemon":1,"minecraft:gunpowder":8,"minecells:balanced_blade":3,"minecraft:oak_wood":64,"minecraft:beetroot_seeds":8,"enchanted:garlic":4,"minecraft:iron_ingot":20,"minecells:putrid_log":16,"minecraft:bread":12,"minecraft:wheat_seeds":4,"enchanted:wolfsbane_seeds":3,"bountifulfares:grass_seeds":18,"soulsweapons:holy_greatsword":1,"minecraft:coal":2,"minecraft:torch":7,"prefabricated:item_house":1,"minecraft:string":1,"minecraft:pink_petals":8,"enchanted:belladonna_seeds":2,"enchanted:mandrake_seeds":1,"minecraft:coarse_dirt":30,"minecells:explosive_crossbow":1,"minecraft:shield":1,"bewitchment:mandrake_seeds":4,"minecraft:oak_sapling":22,"minecraft:stone_pickaxe":1},"minecraft:used":{"prefabricated:item_swift_blade_steel":576,"minecraft:oak_sign":2,"minecraft:chest":2,"enchanted:garlic":16,"minecraft:rotten_flesh":8,"minecraft:player_head":2,"minecraft:iron_chestplate":1,"minecraft:carrot":12,"naturalist:cooked_bass":27,"minecraft:big_dripleaf":1,"minecells:bloomrock_bricks":52,"minecraft:iron_helmet":1,"natures_spirit:sugi_sapling":22,"minecells:balanced_blade":259,"minecraft:bow":33,"minecraft:furnace":1,"bewitchment:garlic":4,"natures_spirit:gardenia":1,"minecraft:stone_pickaxe":446,"minecraft:oak_planks":1,"minecraft:orange_tulip":1,"minecraft:wooden_pickaxe":45,"naturalist:duck_egg":3,"minecraft:cookie":1,"minecraft:sand":10,"minecraft:dripstone_block":2,"wilderwild:cattail":2,"minecraft:bread":37,"wilderwild:crab_claw":1,"minecells:bloomrock":8,"bountifulfares:artisan_bread":1,"minecraft:wooden_sword":18,"naturalist:cooked_duck":2,"promenade:blunite":18,"minecraft:chain":1,"minecraft:bone_meal":39,"sophisticatedbackpacks:iron_backpack":2,"minecraft:stone_sword":118,"bountifulfares:lemon_sapling":3,"minecraft:cooked_salmon":15,"minecraft:torch":142,"minecraft:dirt":4,"minecraft:spruce_fence":3,"mcdw:bow_trickbow":18,"promenade:duck":4,"minecells:bloomrock_tiles":31,"minecraft:wooden_axe":379,"minecells:monsters_eye":10,"bountifulfares:maize_stuffed_potato":42,"minecells:guts":78,"bountifulfares:lemon":3,"minecraft:cobbled_deepslate":58,"minecraft:iron_leggings":1,"minecraft:pointed_dripstone":1,"naturalist:bass":1,"minecraft:cooked_mutton":4,"minecraft:wheat_seeds":18,"minecraft:water_bucket":6,"minecells:spite_sword":71,"minecraft:rabbit":1,"minecells:putrid_planks":15,"wildlife:raw_bluegill":2,"minecraft:salmon":2,"minecraft:crafting_table":8,"minecraft:red_bed":1,"minecraft:cod":1,"minecraft:spruce_log":5,"minecraft:wooden_hoe":1,"soulsweapons:holy_greatsword":351,"minecraft:apple":12,"runes:crafting_altar":1,"natures_spirit:sugi_log":1,"minecraft:spruce_trapdoor":4,"justhammers:stone_hammer":101,"minecells:infected_flesh":4,"minecells:small_prison_bricks":8,"minecraft:fishing_rod":12,"minecraft:cobblestone":64,"minecraft:cooked_porkchop":15,"minecraft:bucket":7,"minecraft:pumpkin_pie":3},"minecraft:killed":{"wildlife:rhino_beetle":1,"wildlife:phoebe":1,"wildlife:cricket":1,"wildlife:staghorn_beetle":1,"minecraft:spider":9,"minecells:sweeper":15,"minecraft:skeleton":72,"minecells:leaping_zombie":66,"wildlife:flycatcher":1,"minecells:protector":18,"minecells:grenadier":26,"wildlife:goldfinch":2,"minecraft:pig":2,"minecraft:zombie_villager":2,"naturalist:firefly":2,"minecraft:salmon":11,"minecraft:creeper":5,"bewitchment:raven":8,"minecraft:sheep":2,"minecraft:zombie":36,"minecells:shieldbearer":25,"minecells:inquisitor":26,"minecells:mutated_bat":11,"promenade:duck":4,"minecells:undead_archer":15,"wildlife:sunflowerbeetle":4,"naturalist:duck":2,"wildlife:spicebush_butterfly":1,"wildlife:ladybug":1,"naturalist:bass":14,"goblintraders:goblin_trader":1,"wildlife:bluebird":1,"minecells:runner":10,"naturalist:butterfly":4,"naturalist:lizard_tail":1,"wildlife:lark":1,"naturalist:lizard":1,"wilderwild:crab":2,"naturalist:sparrow":6,"minecells:buzzcutter":28},"minecraft:crafted":{"naturalist:cooked_duck":2,"prefabricated:item_bundle_of_timber":19,"minecraft:oak_planks":88,"minecraft:stone":239,"sophisticatedbackpacks:crafting_upgrade":1,"naturalist:cooked_bass":20,"minecells:putrid_planks":64,"minecraft:cooked_mutton":7,"immersive_armors:wooden_chestplate":1,"mcdw:bow_trickbow":2,"minecraft:bow":3,"immersive_aircraft:hull":1,"minecraft:chest":1,"prefabricated:item_house":8,"immersive_armors:wooden_helmet":1,"wildlife:cooked_catfish":3,"minecraft:emerald":1,"minecraft:cooked_porkchop":15,"minecraft:crafting_table":11,"minecraft:spruce_planks":24,"minecraft:wooden_pickaxe":1,"minecraft:iron_helmet":1,"promenade:cooked_duck":2,"immersive_armors:wooden_leggings":2,"minecraft:clock":7,"minecraft:copper_ingot":7,"prefabricated:block_double_compressed_stone":1,"sophisticatedbackpacks:upgrade_base":1,"immersive_armors:wooden_boots":1,"minecraft:spruce_trapdoor":2,"minecraft:iron_chestplate":1,"minecraft:book":2,"minecraft:wooden_hoe":1,"minecraft:charcoal":18,"minecraft:stick":136,"minecraft:iron_pickaxe":2,"minecraft:iron_ingot":6,"runes:crafting_altar":1,"minecraft:stone_sword":1,"minecraft:gold_ingot":12,"prefabricated:item_house_improved":3,"simplyskills:skill_chronicle":2,"prefabricated:block_compressed_stone":24,"minecraft:cherry_planks":4,"minecraft:wooden_sword":1,"minecraft:coal":30,"minecraft:fishing_rod":1,"minecells:cell_infused_steel":31,"minecraft:furnace":4,"minecraft:bone_meal":39,"minecraft:spruce_fence":3,"promenade:maple_planks":12,"minecraft:stone_pickaxe":4,"minecraft:wheat":126,"natures_spirit:sugi_planks":152,"minecraft:iron_sword":1,"minecraft:cooked_salmon":2,"sophisticatedbackpacks:gold_backpack":1,"minecraft:stone_axe":1,"minecraft:bread":42,"minecraft:air":0,"justhammers:iron_hammer":1,"minecraft:white_wool":18,"justhammers:stone_hammer":2,"minecraft:wooden_axe":7,"minecraft:iron_leggings":1,"minecraft:white_bed":6,"minecraft:torch":92},"minecraft:picked_up":{"minecraft:chainmail_boots":2,"minecells:small_prison_bricks":4,"minecraft:enchanted_book":3,"minecells:buzzcutter_fang":21,"bountifulfares:grass_seeds":40,"minecraft:string":72,"minecraft:raw_copper":107,"minecraft:cooked_salmon":13,"minecells:ramparts_torch":3,"bountifulfares:lemon":4,"minecraft:oak_sign":2,"minecraft:gold_nugget":12,"minecraft:cobbled_deepslate":508,"bosses_of_mass_destruction:soul_star":2,"minecraft:iron_pickaxe":1,"minecells:molten_chunk":15,"minecraft:coal_block":3,"minecells:transposition_core":1,"minecraft:furnace":4,"minecraft:stick":58,"natures_spirit:sugi_sapling":41,"minecells:guts":79,"minecraft:big_dripleaf":1,"minecraft:torch":23,"wildlife:raw_prawn":1,"minecraft:porkchop":15,"minecells:balanced_blade":2,"minecells:putrid_log":16,"minecraft:pointed_dripstone":1,"wildlife:raw_rainbow_trout":1,"minecraft:rotten_flesh":76,"minecells:putrid_board_block":2,"enchanted:belladonna_seeds":2,"prefabricated:item_swift_blade_steel":2,"minecraft:cod":2,"minecraft:cobblestone":515,"minecraft:furnace_minecart":2,"minecraft:pink_petals":8,"minecraft:feather":5,"promenade:fulvous_maple_sapling":4,"minecraft:golden_leggings":1,"natures_spirit:sugi_log":71,"minecraft:flint":3,"naturalist:lizard_tail":1,"minecraft:dirt":10,"artifacts:flippers":2,"minecraft:leather_boots":1,"minecraft:bone":48,"minecraft:bow":6,"minecraft:wheat_seeds":25,"minecraft:orange_tulip":1,"minecraft:raw_gold":5,"natures_spirit:gardenia":1,"minecraft:rabbit":1,"minecraft:bamboo":25,"minecraft:oak_planks":2,"enchanted:wolfsbane_seeds":5,"patchouli:guide_book":1,"promenade:duck":4,"bountifulfares:lemon_log":10,"minecraft:sand":10,"sophisticatedbackpacks:iron_backpack":14,"minecells:metal_shards":20,"minecraft:barrel":6,"naturalist:duck_egg":3,"minecraft:diamond":2,"minecells:explosive_bulb":9,"enchanted:snowbell_seeds":1,"wilderwild:crab_claw":1,"minecells:bloomrock":4,"minecraft:emerald":2,"minecraft:chainmail_helmet":1,"minecraft:bread":3,"minecraft:oak_sapling":57,"wilderwild:cattail":2,"minecells:boss_stem_cell":1,"minecraft:crafting_table":5,"minecraft:charcoal":7,"sophisticatedbackpacks:gold_backpack":2,"minecraft:coarse_dirt":30,"minecraft:brown_mushroom":10,"minecraft:wooden_pickaxe":1,"minecraft:gold_block":2,"minecraft:chain":1,"promenade:blunite":33,"minecraft:shield":2,"minecells:bloomrock_tiles":4,"bountifulfares:lemon_sapling":9,"minecraft:red_bed":1,"minecraft:iron_shovel":1,"minecraft:cartography_table":1,"minecraft:candle":3,"immersive_armors:wooden_leggings":2,"minecraft:player_head":2,"minecraft:minecart":3,"minecraft:chest":1,"minecraft:sugar_cane":3,"minecraft:spruce_trapdoor":2,"minecraft:raw_iron":30,"naturalist:duck":2,"minecells:bloomrock_bricks":11,"promenade:asphalt":2,"simplyskills:skill_chronicle":2,"minecells:monsters_eye":5,"minecells:arcane_goo":26,"minecraft:spruce_fence":1,"minecraft:carrot":13,"minecraft:redstone":5,"wildlife:raw_catfish":1,"bewitchment:garlic":4,"immersive_armors:wooden_helmet":2,"minecraft:arrow":77,"minecraft:beetroot_seeds":8,"minecraft:hay_block":14,"enchanted:mandrake_seeds":1,"minecraft:gold_ingot":13,"wizards:staff_wizard":1,"minecraft:mutton":3,"minecraft:rail":7,"minecraft:white_wool":2,"wildlife:raw_bluegill":1,"minecraft:clock":1,"minecraft:salmon":8,"minecraft:leather":1,"minecraft:red_mushroom":3,"minecraft:oak_log":95,"minecraft:chainmail_chestplate":2,"minecraft:lily_pad":1,"minecraft:gunpowder":22,"prefabricated:item_house":2,"naturalist:glow_goop":1,"naturalist:bass":13,"minecells:spite_sword":1,"minecraft:apple":13,"minecells:prison_torch":2,"bewitchment:mandrake_seeds":4,"minecraft:iron_ingot":24,"minecraft:stone_pickaxe":1,"minecraft:cobweb":4,"minecraft:iron_ore":9,"promenade:maple_log":24,"minecraft:iron_sword":1,"mcdw:sword_sponge_striker":1,"minecraft:book":14,"bountifulfares:maize_stuffed_potato":4,"minecraft:pumpkin":2,"prefabricated:item_bundle_of_timber":5,"minecells:monster_cell":125,"minecraft:dripstone_block":3,"minecells:infected_flesh":88,"enchanted:garlic":30,"minecraft:gravel":22,"bewitchment:belladonna_seeds":3,"bewitchment:salt":189,"justhammers:stone_hammer":1,"minecraft:blast_furnace":1,"minecraft:white_bed":1,"minecraft:spruce_log":67,"naturalist:cooked_bass":7,"minecraft:spider_eye":4,"minecells:electric_whip":1,"minecraft:oak_wood":156,"promenade:vermilion_maple_sapling":1,"minecraft:chainmail_leggings":2,"immersive_armors:wooden_chestplate":2,"minecraft:diamond_axe":1,"minecells:greed_shield":1,"immersive_armors:wooden_boots":2,"minecraft:coal":109}},"DataVersion":3465}