{"stats":{"minecraft:broken":{"immersive_armors:wooden_leggings":1,"minecraft:chainmail_boots":1,"minecraft:chainmail_chestplate":1,"prefabricated:item_swift_blade_steel":2,"minecraft:wooden_axe":3,"immersive_armors:wooden_chestplate":1,"minecraft:chainmail_leggings":1,"minecraft:stone_sword":1,"immersive_armors:wooden_boots":1,"minecraft:chainmail_helmet":1,"immersive_armors:wooden_helmet":1},"minecraft:picked_up":{"minecraft:chainmail_boots":2,"minecells:small_prison_bricks":4,"minecraft:enchanted_book":3,"minecells:buzzcutter_fang":21,"bountifulfares:grass_seeds":36,"minecraft:string":34,"minecraft:raw_copper":95,"minecraft:cooked_salmon":5,"minecells:ramparts_torch":3,"minecraft:oak_sign":2,"minecraft:gold_nugget":12,"minecraft:cobbled_deepslate":468,"bosses_of_mass_destruction:soul_star":1,"minecraft:iron_pickaxe":1,"minecells:molten_chunk":15,"minecells:transposition_core":1,"minecraft:furnace":3,"minecraft:stick":36,"natures_spirit:sugi_sapling":19,"minecells:guts":79,"minecraft:torch":7,"wildlife:raw_prawn":1,"minecraft:porkchop":15,"minecells:balanced_blade":2,"minecells:putrid_log":16,"minecraft:pointed_dripstone":1,"wildlife:raw_rainbow_trout":1,"minecraft:rotten_flesh":51,"minecells:putrid_board_block":2,"enchanted:belladonna_seeds":2,"prefabricated:item_swift_blade_steel":2,"minecraft:cod":2,"minecraft:cobblestone":396,"minecraft:pink_petals":8,"minecraft:feather":4,"natures_spirit:sugi_log":37,"minecraft:flint":3,"minecraft:dirt":9,"minecraft:leather_boots":1,"minecraft:bone":25,"minecraft:bow":5,"minecraft:orange_tulip":1,"minecraft:wheat_seeds":24,"minecraft:raw_gold":5,"natures_spirit:gardenia":1,"minecraft:rabbit":1,"minecraft:bamboo":25,"minecraft:oak_planks":1,"enchanted:wolfsbane_seeds":5,"patchouli:guide_book":1,"promenade:duck":4,"minecraft:sand":10,"sophisticatedbackpacks:iron_backpack":11,"minecells:metal_shards":20,"minecraft:barrel":1,"minecraft:diamond":2,"minecells:explosive_bulb":9,"enchanted:snowbell_seeds":1,"wilderwild:crab_claw":1,"minecells:bloomrock":4,"minecraft:emerald":2,"minecraft:chainmail_helmet":1,"minecraft:bread":3,"minecraft:oak_sapling":57,"wilderwild:cattail":2,"minecells:boss_stem_cell":1,"minecraft:crafting_table":3,"minecraft:coarse_dirt":30,"sophisticatedbackpacks:gold_backpack":1,"minecraft:charcoal":7,"minecraft:brown_mushroom":10,"minecraft:wooden_pickaxe":1,"minecraft:gold_block":2,"minecraft:chain":1,"promenade:blunite":28,"minecraft:shield":2,"minecells:bloomrock_tiles":4,"minecraft:red_bed":1,"minecraft:cartography_table":1,"minecraft:candle":3,"immersive_armors:wooden_leggings":2,"minecraft:player_head":2,"minecraft:sugar_cane":3,"minecraft:spruce_trapdoor":2,"minecraft:raw_iron":30,"minecells:bloomrock_bricks":11,"promenade:asphalt":2,"minecells:monsters_eye":5,"minecells:arcane_goo":26,"minecraft:spruce_fence":1,"minecraft:carrot":13,"minecraft:redstone":5,"wildlife:raw_catfish":1,"bewitchment:garlic":4,"immersive_armors:wooden_helmet":2,"minecraft:arrow":57,"minecraft:beetroot_seeds":4,"minecraft:hay_block":14,"enchanted:mandrake_seeds":1,"minecraft:gold_ingot":13,"wizards:staff_wizard":1,"gravestones:gravestone":3,"minecraft:mutton":3,"minecraft:white_wool":2,"wildlife:raw_bluegill":1,"minecraft:salmon":8,"minecraft:leather":1,"minecraft:red_mushroom":3,"minecraft:oak_log":95,"minecraft:chainmail_chestplate":2,"minecraft:lily_pad":1,"minecraft:gunpowder":17,"naturalist:glow_goop":1,"naturalist:bass":13,"minecells:spite_sword":1,"minecraft:apple":13,"minecells:prison_torch":2,"bewitchment:mandrake_seeds":4,"minecraft:stone_pickaxe":1,"minecraft:iron_ingot":4,"minecraft:iron_ore":9,"mcdw:sword_sponge_striker":1,"minecraft:book":9,"bountifulfares:maize_stuffed_potato":4,"minecraft:pumpkin":2,"minecells:monster_cell":125,"minecells:infected_flesh":88,"minecraft:dripstone_block":1,"enchanted:garlic":30,"minecraft:gravel":19,"bewitchment:belladonna_seeds":3,"bewitchment:salt":186,"justhammers:stone_hammer":1,"minecraft:blast_furnace":1,"minecraft:white_bed":1,"minecraft:spruce_log":67,"naturalist:cooked_bass":7,"minecells:electric_whip":1,"minecraft:oak_wood":156,"minecraft:chainmail_leggings":2,"immersive_armors:wooden_chestplate":2,"minecells:greed_shield":1,"minecraft:coal":37,"immersive_armors:wooden_boots":2},"minecraft:mined":{"bountifulfares:wild_carrots":2,"minecells:small_prison_bricks":4,"minecraft:white_bed":1,"minecraft:grass_block":7,"minecells:putrid_board_block":2,"minecells:bloomrock_tiles":4,"minecraft:oak_wall_sign":1,"minecraft:smooth_stone":1,"minecraft:cobbled_deepslate":1,"minecraft:iron_ore":1,"minecraft:fire":3,"minecraft:barrel":1,"minecraft:pumpkin":2,"minecells:prison_torch":2,"minecells:wilted_wall_leaves":1,"minecraft:player_head":2,"minecraft:red_bed":1,"minecraft:torch":3,"minecraft:blast_furnace":1,"minecraft:mushroom_stem":1,"minecraft:cobblestone":7,"minecraft:sugar_cane":1,"minecraft:wall_torch":2,"wilderwild:cattail":2,"minecells:small_prison_brick_stairs":1,"minecraft:grass":118,"minecraft:oak_log":97,"minecraft:sand":46,"minecraft:dirt":1,"promenade:asphalt":2,"minecells:bloomrock_wilted_grass_block":4,"minecraft:deepslate":33,"minecraft:suspicious_gravel":12,"minecraft:candle":1,"minecraft:glow_lichen":1,"minecraft:cartography_table":1,"minecraft:sandstone":1,"minecraft:large_fern":7,"minecraft:hay_block":14,"promenade:fulvous_maple_leaf_pile":1,"minecraft:furnace":3,"minecraft:carrots":3,"minecraft:bookshelf":3,"bewitchment:salt_ore":101,"minecraft:bamboo":2,"minecraft:stone":49,"minecells:alchemy_equipment_1":1,"gravestones:gravestone":1,"promenade:blunite":22,"natures_spirit:sugi_log":39,"minecraft:crafting_table":4,"minecraft:oak_wood":140,"minecraft:tall_grass":29,"enchanted:garlic":7,"minecells:alchemy_equipment_0":1,"minecraft:coarse_dirt":36,"minecraft:spruce_log":3,"natures_spirit:gardenia":1,"minecraft:coal_ore":28,"minecraft:gravel":26,"minecraft:dripstone_block":2,"minecraft:cobweb":21,"minecells:ramparts_torch":3,"minecraft:fern":10},"minecraft:dropped":{"sophisticatedbackpacks:iron_backpack":2,"minecraft:brown_mushroom":4,"immersive_aircraft:hull":1,"minecraft:gold_block":2,"minecells:infected_flesh":49,"minecells:throwing_knife":16,"minecraft:chain":1,"minecraft:gold_nugget":10,"bewitchment:belladonna_seeds":3,"minecraft:gold_ingot":33,"bewitchment:salt":66,"minecraft:rotten_flesh":17,"mcdw:sword_sponge_striker":1,"minecraft:gunpowder":3,"minecells:balanced_blade":3,"minecraft:oak_wood":64,"minecraft:beetroot_seeds":8,"enchanted:garlic":4,"minecells:putrid_log":16,"minecraft:bread":12,"minecraft:wheat_seeds":4,"enchanted:wolfsbane_seeds":3,"bountifulfares:grass_seeds":18,"minecraft:coal":2,"minecraft:pink_petals":8,"minecraft:string":1,"prefabricated:item_house":1,"enchanted:belladonna_seeds":2,"enchanted:mandrake_seeds":1,"minecraft:coarse_dirt":30,"minecells:explosive_crossbow":1,"minecraft:shield":1,"bewitchment:mandrake_seeds":4,"minecraft:oak_sapling":22,"minecraft:stone_pickaxe":1},"minecraft:killed_by":{"minecraft:creeper":1,"minecells:concierge":2,"minecells:grenadier":3,"minecells:leaping_zombie":4},"minecraft:crafted":{"prefabricated:item_bundle_of_timber":14,"minecraft:oak_planks":88,"minecraft:stone":68,"sophisticatedbackpacks:crafting_upgrade":1,"naturalist:cooked_bass":20,"minecells:putrid_planks":64,"minecraft:cooked_mutton":3,"immersive_armors:wooden_chestplate":1,"mcdw:bow_trickbow":1,"minecraft:bow":2,"immersive_aircraft:hull":1,"minecraft:chest":1,"prefabricated:item_house":3,"immersive_armors:wooden_helmet":1,"minecraft:cooked_porkchop":15,"minecraft:crafting_table":10,"minecraft:spruce_planks":24,"minecraft:wooden_pickaxe":1,"immersive_armors:wooden_leggings":2,"minecraft:clock":4,"sophisticatedbackpacks:upgrade_base":1,"immersive_armors:wooden_boots":1,"minecraft:spruce_trapdoor":2,"minecraft:wooden_hoe":1,"minecraft:charcoal":18,"minecraft:stick":56,"minecraft:iron_ingot":6,"minecraft:iron_pickaxe":2,"minecraft:stone_sword":1,"minecraft:gold_ingot":12,"prefabricated:block_compressed_stone":6,"minecraft:wooden_sword":1,"minecraft:fishing_rod":1,"minecells:cell_infused_steel":31,"minecraft:furnace":3,"minecraft:bone_meal":33,"minecraft:spruce_fence":3,"minecraft:stone_pickaxe":3,"minecraft:wheat":126,"natures_spirit:sugi_planks":148,"minecraft:iron_sword":1,"minecraft:cooked_salmon":2,"sophisticatedbackpacks:gold_backpack":1,"minecraft:stone_axe":1,"minecraft:bread":42,"minecraft:air":0,"minecraft:white_wool":9,"justhammers:stone_hammer":1,"minecraft:wooden_axe":6,"minecraft:white_bed":3,"minecraft:torch":92},"minecraft:used":{"prefabricated:item_swift_blade_steel":576,"minecraft:oak_sign":2,"minecraft:chest":1,"enchanted:garlic":16,"minecraft:player_head":2,"minecraft:rotten_flesh":8,"minecraft:carrot":12,"naturalist:cooked_bass":27,"minecells:bloomrock_bricks":52,"minecells:balanced_blade":259,"minecraft:bow":26,"minecraft:furnace":1,"bewitchment:garlic":4,"natures_spirit:gardenia":1,"minecraft:stone_pickaxe":228,"minecraft:oak_planks":1,"minecraft:orange_tulip":1,"minecraft:wooden_pickaxe":45,"minecraft:cookie":1,"minecraft:sand":10,"wilderwild:cattail":2,"minecraft:bread":37,"wilderwild:crab_claw":1,"minecells:bloomrock":8,"minecraft:wooden_sword":18,"promenade:blunite":13,"minecraft:chain":1,"minecraft:bone_meal":33,"minecraft:stone_sword":118,"minecraft:cooked_salmon":7,"minecraft:torch":76,"minecraft:dirt":3,"minecraft:spruce_fence":3,"mcdw:bow_trickbow":18,"promenade:duck":4,"minecells:bloomrock_tiles":31,"minecells:monsters_eye":10,"minecraft:wooden_axe":295,"bountifulfares:maize_stuffed_potato":3,"gravestones:gravestone":3,"minecells:guts":78,"minecraft:cobbled_deepslate":18,"minecraft:pointed_dripstone":1,"naturalist:bass":1,"minecraft:cooked_mutton":3,"minecraft:wheat_seeds":18,"minecells:spite_sword":71,"minecraft:rabbit":1,"minecells:putrid_planks":15,"minecraft:salmon":2,"minecraft:crafting_table":8,"minecraft:red_bed":1,"minecraft:cod":1,"minecraft:spruce_log":5,"minecraft:wooden_hoe":1,"minecraft:apple":8,"minecraft:spruce_trapdoor":4,"justhammers:stone_hammer":101,"minecells:infected_flesh":4,"minecells:small_prison_bricks":8,"minecraft:fishing_rod":12,"minecraft:cobblestone":29,"minecraft:cooked_porkchop":15,"minecraft:pumpkin_pie":3},"minecraft:custom":{"minecraft:interact_with_crafting_table":71,"minecraft:open_barrel":282,"minecraft:leave_game":2,"minecraft:time_since_death":67683,"minecraft:sprint_one_cm":873805,"minecraft:drop":91,"minecraft:talked_to_villager":5,"minecraft:play_time":517028,"minecraft:deaths":12,"minecraft:jump":4624,"minecraft:walk_on_water_one_cm":40984,"minecraft:interact_with_furnace":77,"minecraft:sleep_in_bed":7,"minecraft:damage_dealt":57746,"minecraft:crouch_one_cm":11189,"minecraft:inspect_dispenser":1,"minecraft:mob_kills":375,"minecraft:inspect_hopper":1,"minecraft:climb_one_cm":97517,"minecraft:walk_one_cm":1116480,"minecraft:sneak_time":5521,"minecraft:walk_under_water_one_cm":20546,"minecraft:total_world_time":517028,"minecraft:tune_noteblock":15,"minecraft:time_since_rest":67725,"minecraft:damage_taken":13549,"minecraft:swim_one_cm":46435,"minecraft:fly_one_cm":987118,"minecraft:open_chest":166,"minecraft:fish_caught":2,"minecraft:fall_one_cm":103819},"minecraft:killed":{"wildlife:rhino_beetle":1,"wildlife:phoebe":1,"wildlife:cricket":1,"wildlife:staghorn_beetle":1,"minecraft:spider":6,"minecells:sweeper":15,"minecraft:skeleton":28,"minecells:leaping_zombie":66,"wildlife:flycatcher":1,"minecells:protector":18,"minecells:grenadier":26,"wildlife:goldfinch":2,"minecraft:pig":2,"minecraft:zombie_villager":1,"naturalist:firefly":1,"minecraft:salmon":11,"minecraft:creeper":3,"bewitchment:raven":8,"minecraft:sheep":2,"minecraft:zombie":23,"minecells:shieldbearer":25,"minecells:inquisitor":26,"minecells:mutated_bat":11,"promenade:duck":4,"minecells:undead_archer":15,"wildlife:sunflowerbeetle":4,"wildlife:spicebush_butterfly":1,"wildlife:ladybug":1,"naturalist:bass":14,"wildlife:bluebird":1,"minecells:runner":10,"naturalist:butterfly":4,"wilderwild:crab":2,"naturalist:sparrow":6,"minecells:buzzcutter":28}},"DataVersion":3465}