{"stats":{"minecraft:custom":{"minecraft:interact_with_furnace":9,"minecraft:mob_kills":32,"minecraft:interact_with_crafting_table":10,"minecraft:open_barrel":55,"minecraft:time_since_death":83562,"minecraft:sleep_in_bed":4,"minecraft:climb_one_cm":20461,"minecraft:time_since_rest":4780,"minecraft:sprint_one_cm":143213,"minecraft:damage_taken":221,"minecraft:walk_one_cm":277250,"minecraft:drop":31,"minecraft:damage_dealt":2132,"minecraft:swim_one_cm":19184,"minecraft:fly_one_cm":217856,"minecraft:open_chest":2,"minecraft:crouch_one_cm":228,"minecraft:play_time":83562,"minecraft:sneak_time":117,"minecraft:walk_under_water_one_cm":10229,"minecraft:jump":917,"minecraft:walk_on_water_one_cm":8504,"minecraft:total_world_time":83562,"minecraft:fall_one_cm":18620},"minecraft:mined":{"bountifulfares:wild_carrots":1,"natures_spirit:sugi_log":39,"minecraft:crafting_table":2,"minecraft:blast_furnace":1,"minecraft:mushroom_stem":1,"minecraft:tall_grass":28,"enchanted:garlic":1,"minecraft:cartography_table":1,"minecraft:sugar_cane":1,"minecraft:sandstone":1,"minecraft:large_fern":6,"minecraft:smooth_stone":1,"wilderwild:cattail":2,"promenade:fulvous_maple_leaf_pile":1,"minecraft:furnace":2,"minecraft:spruce_log":2,"minecraft:grass":106,"bewitchment:salt_ore":9,"minecraft:gravel":1,"minecraft:sand":46,"minecraft:cobweb":19,"minecraft:bamboo":2,"minecraft:player_head":2,"minecraft:fern":6},"minecraft:used":{"bewitchment:garlic":4,"minecraft:wheat_seeds":18,"prefabricated:item_swift_blade_steel":71,"minecraft:rabbit":1,"minecraft:wooden_pickaxe":15,"enchanted:garlic":6,"minecraft:cooked_salmon":5,"minecraft:rotten_flesh":1,"minecraft:salmon":2,"minecraft:torch":4,"minecraft:dirt":1,"minecraft:sand":10,"minecraft:crafting_table":4,"minecraft:spruce_fence":3,"minecraft:spruce_log":4,"wilderwild:cattail":2,"minecraft:wooden_axe":39,"minecraft:apple":8,"minecraft:bread":3,"wilderwild:crab_claw":1,"minecraft:spruce_trapdoor":4,"minecraft:cobblestone":3,"minecraft:bone_meal":9},"minecraft:dropped":{"enchanted:belladonna_seeds":2,"minecraft:wheat_seeds":3,"enchanted:mandrake_seeds":1,"enchanted:wolfsbane_seeds":3,"bountifulfares:grass_seeds":14,"bewitchment:mandrake_seeds":4,"enchanted:garlic":1,"bewitchment:belladonna_seeds":3},"minecraft:picked_up":{"minecraft:charcoal":7,"minecraft:crafting_table":2,"minecraft:salmon":2,"natures_spirit:sugi_log":37,"bountifulfares:grass_seeds":31,"minecraft:string":19,"minecraft:dirt":1,"minecraft:cooked_salmon":5,"naturalist:glow_goop":1,"naturalist:bass":9,"minecraft:bone":3,"minecraft:apple":8,"minecraft:cartography_table":1,"minecraft:wheat_seeds":22,"bewitchment:mandrake_seeds":4,"minecraft:iron_ore":9,"minecraft:player_head":2,"minecraft:rabbit":1,"minecraft:bamboo":25,"minecraft:sugar_cane":3,"minecraft:spruce_trapdoor":2,"minecraft:furnace":2,"enchanted:wolfsbane_seeds":5,"minecraft:stick":3,"natures_spirit:sugi_sapling":19,"minecraft:spruce_fence":1,"enchanted:garlic":7,"minecraft:porkchop":12,"minecraft:sand":10,"bewitchment:belladonna_seeds":3,"bewitchment:salt":12,"justhammers:stone_hammer":1,"minecraft:blast_furnace":1,"minecraft:carrot":1,"minecraft:spruce_log":66,"naturalist:cooked_bass":7,"minecraft:arrow":5,"bewitchment:garlic":4,"minecraft:rotten_flesh":1,"enchanted:snowbell_seeds":1,"wilderwild:crab_claw":1,"enchanted:mandrake_seeds":1,"minecraft:gold_ingot":1,"minecraft:bread":3,"enchanted:belladonna_seeds":2,"wilderwild:cattail":2,"prefabricated:item_swift_blade_steel":2,"minecraft:mutton":3,"minecraft:white_wool":2,"minecraft:cobblestone":6},"minecraft:crafted":{"minecraft:cooked_porkchop":12,"minecraft:crafting_table":2,"minecraft:spruce_planks":24,"minecraft:wooden_pickaxe":1,"natures_spirit:sugi_planks":148,"immersive_armors:wooden_leggings":1,"minecraft:bone_meal":9,"minecraft:spruce_fence":3,"naturalist:cooked_bass":9,"minecraft:air":0,"immersive_armors:wooden_boots":1,"immersive_armors:wooden_chestplate":1,"minecraft:spruce_trapdoor":2,"minecraft:wooden_hoe":1,"minecraft:stick":40,"minecraft:wooden_axe":1,"immersive_armors:wooden_helmet":1,"minecraft:torch":28},"minecraft:killed":{"wildlife:phoebe":1,"naturalist:butterfly":1,"wildlife:cricket":1,"naturalist:firefly":1,"minecraft:salmon":6,"minecraft:spider":1,"wildlife:spicebush_butterfly":1,"minecraft:sheep":2,"minecraft:skeleton":3,"minecraft:zombie":2,"naturalist:bass":10,"wildlife:goldfinch":1,"wilderwild:crab":2}},"DataVersion":3465}