{"stats":{"minecraft:killed_by":{"minecraft:player":2,"minecells:leaping_zombie":1,"minecraft:skeleton":3,"minecraft:zombie":3},"minecraft:custom":{"minecraft:mob_kills":211,"minecraft:interact_with_crafting_table":36,"minecraft:open_barrel":27,"goblintraders:trade_with_goblin":47,"minecraft:leave_game":11,"minecraft:time_since_death":6728,"minecraft:climb_one_cm":82016,"minecraft:sprint_one_cm":291152,"minecraft:walk_one_cm":1014666,"minecraft:drop":84,"minecraft:play_noteblock":5,"minecraft:damage_dealt_absorbed":80,"minecraft:play_time":434576,"minecraft:sneak_time":23608,"minecraft:deaths":12,"minecraft:walk_under_water_one_cm":111468,"minecraft:jump":3537,"minecraft:walk_on_water_one_cm":78361,"minecraft:total_world_time":434576,"minecraft:interact_with_furnace":118,"minecraft:tune_noteblock":5,"minecraft:time_since_rest":6760,"minecraft:damage_taken":8787,"minecraft:damage_absorbed":40,"minecraft:damage_dealt":44023,"minecraft:player_kills":2,"minecraft:swim_one_cm":58041,"minecraft:fly_one_cm":385378,"minecraft:open_chest":69,"minecraft:crouch_one_cm":87015,"minecraft:fall_one_cm":103647,"minecraft:inspect_dispenser":1},"minecraft:broken":{"minecraft:stone_sword":1,"minecraft:stone_pickaxe":3,"minecraft:wooden_sword":14,"minecraft:iron_pickaxe":2,"minecraft:wooden_axe":6},"minecraft:mined":{"minecraft:spruce_planks":3,"minecraft:cherry_log":32,"minecraft:stone_brick_wall":1,"minecraft:grass_block":10,"minecraft:redstone_wire":9,"minecraft:gilded_blackstone":1,"bewitchment:deepslate_silver_ore":4,"promenade:maple_log":5,"minecraft:furnace":6,"minecraft:carrots":6,"minecraft:iron_ore":179,"minecraft:cobbled_deepslate":1,"minecraft:andesite":1,"minecraft:potatoes":71,"promenade:maple_slab":1,"minecraft:cobblestone_slab":8,"minecraft:deepslate_iron_ore":11,"bewitchment:salt_ore":57,"minecraft:iron_bars":1,"minecraft:light_gray_concrete":82,"betterarcheology:loot_vase":1,"minecraft:stone":450,"natures_spirit:sugi_sapling":1,"minecraft:spruce_slab":60,"minecraft:green_bed":1,"minecraft:tripwire":4,"minecraft:deepslate_redstone_ore":2,"bountifulfares:hanging_lemon":5,"soulsweapons:verglas_ore_deepslate":1,"minecraft:chiseled_quartz_block":4,"minecraft:observer":2,"natures_spirit:sugi_log":242,"minecraft:torch":5,"minecraft:crafting_table":4,"minecraft:copper_ore":53,"minecraft:cobblestone":21,"minecraft:oak_planks":8,"minecraft:sugar_cane":26,"minecraft:wall_torch":17,"minecraft:white_terracotta":18,"minecraft:repeater":1,"natures_spirit:sugi_planks":27,"minecraft:stone_brick_stairs":6,"minecraft:smooth_stone_slab":3,"minecraft:grass":3,"minecraft:coal_ore":265,"minecraft:oak_log":2,"minecraft:beetroots":3,"minecraft:cherry_leaves":1,"minecraft:smooth_quartz":14,"minecraft:dirt":5,"minecraft:cobweb":13,"minecraft:smooth_basalt":9,"minecraft:gold_ore":5,"minecraft:oak_leaves":4,"minecraft:deepslate":28,"soulsweapons:verglas_ore":12},"minecraft:dropped":{"minecraft:golden_boots":1,"sophisticatedbackpacks:iron_backpack":2,"minecraft:wheat_seeds":2,"simplyskills:skill_chronicle":2,"bountifulfares:maize_stuffed_potato":4,"minecraft:dripstone_block":2,"promenade:maple_planks":15,"minecraft:cobblestone":64,"bountifulfares:grass_seeds":2,"natures_spirit:sugi_sapling":45,"minecraft:torch":7,"promenade:maple_log":4,"minecraft:cooked_salmon":8,"promenade:fulvous_maple_sapling":12,"promenade:maple_slab":9,"immersive_armors:wooden_chestplate":1,"minecraft:string":21,"bewitchment:belladonna_seeds":1,"minecraft:bone":1,"minecraft:redstone":5,"minecraft:stone_sword":2,"minecraft:pointed_dripstone":2,"minecraft:cherry_sapling":17,"minecraft:clay_ball":12,"minecraft:oak_planks":1,"minecraft:big_dripleaf":1,"bewitchment:mandrake_seeds":1,"minecraft:oak_wood":32,"minecraft:beetroot_seeds":8,"minecraft:ladder":1,"minecraft:arrow":2,"minecraft:iron_bars":1,"minecraft:wooden_pickaxe":1,"minecraft:raw_gold":4},"minecraft:used":{"minecraft:beetroot":3,"minecraft:oak_trapdoor":3,"minecraft:cherry_sapling":11,"minecraft:stone_sword":157,"minecraft:spruce_slab":35,"minecraft:white_terracotta":12,"minecraft:stone":3,"minecraft:cooked_salmon":13,"minecraft:rotten_flesh":31,"minecraft:torch":256,"minecraft:dirt":27,"minecraft:carrot":8,"minecraft:tuff":2,"minecraft:wooden_axe":359,"bountifulfares:maize_stuffed_potato":9,"minecells:guts":1,"natures_spirit:sugi_sapling":24,"minecraft:smooth_basalt":5,"bountifulfares:lemon":6,"immersive_armors:wooden_chestplate":2,"minecraft:furnace":13,"minecraft:beetroot_seeds":7,"minecraft:potato":73,"immersive_armors:wooden_helmet":1,"minecraft:cobbled_deepslate":78,"sophisticatedbackpacks:gold_backpack":1,"naturalist:lizard_tail":1,"minecraft:cooked_mutton":1,"minecraft:water_bucket":31,"minecraft:baked_potato":11,"promenade:maple_slab":4,"minecraft:oak_planks":8,"minecraft:sugar_cane":41,"minecraft:stone_pickaxe":433,"minecraft:wooden_pickaxe":46,"minecraft:cobblestone_slab":229,"minecraft:blackstone":1,"promenade:vermilion_maple_sapling":1,"minecraft:golden_apple":1,"minecraft:crafting_table":5,"minecraft:white_bed":1,"minecraft:dripstone_block":6,"justhammers:iron_hammer":91,"minecraft:wooden_hoe":4,"soulsweapons:holy_greatsword":393,"wizards:wizard_robe_chest":1,"minecraft:light_gray_concrete":82,"minecraft:bread":1,"minecraft:iron_pickaxe":773,"minecells:infected_flesh":2,"immersive_armors:wooden_boots":1,"minecraft:wooden_sword":1008,"minecraft:cobblestone":109,"promenade:blunite":2,"minecraft:cooked_porkchop":1,"minecraft:poisonous_potato":1,"minecraft:bucket":31,"immersive_armors:wooden_leggings":1,"minecraft:bone_meal":150,"natures_spirit:sugi_planks":31},"minecraft:killed":{"minecraft:witch":2,"minecraft:spider":3,"minecells:undead_archer":2,"bewitchment:ghost":1,"naturalist:boar":1,"minecraft:skeleton":119,"naturalist:bass":17,"minecraft:drowned":1,"minecells:leaping_zombie":2,"minecells:grenadier":1,"artifacts:mimic":1,"minecraft:magma_cube":3,"minecraft:zombie_villager":1,"minecraft:salmon":20,"minecraft:creeper":2,"minecraft:sheep":1,"minecraft:pillager":1,"minecraft:zombie":27,"minecells:shieldbearer":2,"minecraft:player":1},"minecraft:crafted":{"minecraft:cherry_planks":8,"minecraft:wooden_sword":23,"minecraft:oak_planks":24,"minecraft:cobblestone_slab":6,"minecraft:furnace":5,"soulsweapons:holy_greatsword":1,"minecraft:bone_meal":150,"sophisticatedbackpacks:crafting_upgrade":1,"naturalist:cooked_bass":7,"minecraft:cooked_mutton":1,"minecraft:oak_trapdoor":4,"immersive_armors:wooden_chestplate":1,"sophisticatedbackpacks:smelting_upgrade":1,"promenade:maple_planks":24,"minecraft:stone_pickaxe":4,"minecraft:chest":1,"sophisticatedbackpacks:iron_backpack":1,"minecraft:emerald":1,"minecraft:cooked_porkchop":1,"minecraft:crafting_table":3,"minecraft:wooden_pickaxe":2,"natures_spirit:sugi_planks":116,"minecraft:baked_potato":159,"minecraft:iron_sword":1,"immersive_armors:wooden_leggings":1,"natures_spirit:sugi_slab":18,"minecraft:cooked_salmon":21,"minecraft:copper_ingot":115,"minecraft:bucket":2,"mcdw:sword_katana":2,"minecraft:air":0,"immersive_armors:wooden_boots":1,"justhammers:iron_hammer":2,"minecraft:white_wool":3,"minecraft:wooden_hoe":1,"minecraft:charcoal":14,"minecraft:shield":1,"minecraft:stick":56,"minecraft:iron_ingot":204,"minecraft:iron_pickaxe":4,"minecraft:wooden_axe":6,"minecraft:stone_sword":2,"minecraft:gold_ingot":27,"minecraft:white_bed":1,"minecraft:torch":188,"promenade:maple_slab":12},"minecraft:picked_up":{"sophisticatedbackpacks:gold_backpack":1,"minecraft:crafting_table":4,"minecraft:ladder":1,"minecraft:clay_ball":24,"soulsweapons:moonstone":11,"minecraft:gilded_blackstone":2,"promenade:blunite":2,"bountifulfares:grass_seeds":2,"minecraft:string":18,"minecraft:raw_copper":190,"minecraft:wooden_sword":1,"bountifulfares:lemon":6,"minecraft:blackstone":6,"minecraft:beetroot":3,"minecraft:cobbled_deepslate":429,"bosses_of_mass_destruction:soul_star":2,"minecraft:spruce_planks":3,"minecraft:cobblestone_slab":7,"minecraft:observer":2,"minecraft:spruce_slab":61,"minecraft:sugar_cane":54,"minecraft:furnace":6,"minecraft:raw_iron":209,"natures_spirit:sugi_sapling":107,"minecells:guts":1,"minecraft:stick":82,"promenade:maple_slab":10,"minecraft:big_dripleaf":1,"minecraft:torch":36,"minecraft:green_bed":1,"simplyskills:skill_chronicle":3,"sophisticatedbackpacks:backpack":2,"minecraft:porkchop":1,"minecraft:cherry_log":32,"minecraft:pointed_dripstone":2,"minecraft:carrot":19,"minecraft:redstone":284,"minecraft:golden_chestplate":1,"minecraft:stone_sword":1,"minecraft:arrow":48,"minecraft:rotten_flesh":33,"minecraft:beetroot_seeds":14,"minecraft:white_terracotta":18,"promenade:maple_planks":14,"minecraft:mutton":1,"minecraft:iron_bars":1,"minecraft:cobblestone":488,"minecraft:repeater":1,"minecraft:andesite":1,"minecraft:salmon":17,"minecraft:leather":1,"promenade:fulvous_maple_sapling":12,"natures_spirit:sugi_log":192,"minecraft:potato":255,"minecraft:filled_map":1,"minecraft:tuff":19,"minecraft:oak_log":2,"minecraft:golden_boots":1,"prefabricated:item_house":1,"minecraft:gunpowder":4,"naturalist:lizard_tail":1,"natures_spirit:sugi_planks":27,"minecraft:dirt":27,"artifacts:flippers":5,"naturalist:bass":15,"minecraft:bone":62,"sophisticatedbackpacks:upgrade_base":2,"minecraft:bow":1,"minecraft:wheat_seeds":2,"minecraft:raw_gold":23,"bewitchment:mandrake_seeds":1,"promenade:maple_log":13,"minecraft:oak_planks":18,"bountifulfares:maize_stuffed_potato":13,"minecraft:smooth_basalt":116,"soulsweapons:holy_greatsword":1,"minecells:monster_cell":2,"minecells:infected_flesh":2,"minecraft:poisonous_potato":1,"minecraft:dripstone_block":8,"bewitchment:belladonna_seeds":1,"bewitchment:salt":88,"sophisticatedbackpacks:iron_backpack":10,"minecraft:spider_eye":2,"minecraft:light_gray_concrete":82,"minecraft:oak_wood":64,"promenade:vermilion_maple_sapling":1,"minecraft:diamond":27,"minecells:explosive_bulb":1,"bewitchment:raw_silver":5,"minecraft:cherry_sapling":28,"minecraft:gray_wool":1,"soulsweapons:verglas":16,"minecraft:emerald":2,"minecraft:oak_sapling":5,"minecraft:coal":386}},"DataVersion":3465}