{"stats":{"minecraft:custom":{"minecraft:mob_kills":180,"minecraft:interact_with_crafting_table":35,"minecraft:open_barrel":11,"goblintraders:trade_with_goblin":38,"minecraft:leave_game":10,"minecraft:time_since_death":48951,"minecraft:climb_one_cm":78874,"minecraft:sprint_one_cm":174452,"minecraft:walk_one_cm":780179,"minecraft:drop":65,"minecraft:play_noteblock":4,"minecraft:damage_dealt_absorbed":80,"minecraft:play_time":343895,"minecraft:sneak_time":21812,"minecraft:deaths":10,"minecraft:walk_under_water_one_cm":83588,"minecraft:jump":2559,"minecraft:walk_on_water_one_cm":69364,"minecraft:total_world_time":343895,"minecraft:interact_with_furnace":89,"minecraft:tune_noteblock":3,"minecraft:time_since_rest":48975,"minecraft:damage_taken":7414,"minecraft:damage_absorbed":40,"minecraft:damage_dealt":35619,"minecraft:player_kills":1,"minecraft:swim_one_cm":54201,"minecraft:fly_one_cm":250987,"minecraft:open_chest":60,"minecraft:crouch_one_cm":81771,"minecraft:fall_one_cm":74327,"minecraft:inspect_dispenser":1},"minecraft:mined":{"minecraft:spruce_planks":3,"minecraft:cherry_log":32,"minecraft:grass_block":10,"minecraft:stone_brick_wall":1,"minecraft:redstone_wire":9,"minecraft:furnace":6,"minecraft:carrots":5,"minecraft:iron_ore":179,"minecraft:andesite":1,"minecraft:potatoes":20,"promenade:maple_slab":1,"minecraft:cobblestone_slab":8,"minecraft:deepslate_iron_ore":10,"bewitchment:salt_ore":57,"minecraft:iron_bars":1,"minecraft:light_gray_concrete":82,"betterarcheology:loot_vase":1,"minecraft:stone":444,"minecraft:tripwire":4,"minecraft:spruce_slab":60,"minecraft:green_bed":1,"bountifulfares:hanging_lemon":5,"minecraft:observer":2,"natures_spirit:sugi_log":140,"minecraft:chiseled_quartz_block":4,"minecraft:crafting_table":4,"minecraft:torch":4,"minecraft:copper_ore":53,"minecraft:cobblestone":21,"minecraft:sugar_cane":6,"minecraft:oak_planks":8,"minecraft:wall_torch":16,"minecraft:white_terracotta":18,"minecraft:repeater":1,"natures_spirit:sugi_planks":27,"minecraft:stone_brick_stairs":6,"minecraft:smooth_stone_slab":3,"minecraft:grass":3,"minecraft:oak_log":2,"minecraft:coal_ore":246,"minecraft:cherry_leaves":1,"minecraft:dirt":5,"minecraft:smooth_quartz":14,"minecraft:cobweb":13,"minecraft:gold_ore":5,"minecraft:oak_leaves":4,"minecraft:deepslate":1,"soulsweapons:verglas_ore":12},"minecraft:killed_by":{"minecraft:player":2,"minecells:leaping_zombie":1,"minecraft:skeleton":3,"minecraft:zombie":2},"minecraft:picked_up":{"minecraft:crafting_table":4,"minecraft:ladder":1,"promenade:blunite":2,"bountifulfares:grass_seeds":2,"minecraft:string":18,"minecraft:raw_copper":190,"minecraft:wooden_sword":1,"bountifulfares:lemon":5,"minecraft:cobbled_deepslate":1,"bosses_of_mass_destruction:soul_star":2,"minecraft:spruce_planks":3,"minecraft:cobblestone_slab":7,"minecraft:observer":2,"minecraft:spruce_slab":61,"minecraft:sugar_cane":16,"minecraft:furnace":6,"promenade:maple_slab":10,"natures_spirit:sugi_sapling":69,"minecells:guts":1,"minecraft:stick":56,"minecraft:raw_iron":203,"minecraft:torch":25,"minecraft:green_bed":1,"simplyskills:skill_chronicle":2,"sophisticatedbackpacks:backpack":2,"minecraft:porkchop":1,"minecraft:cherry_log":32,"minecraft:carrot":17,"minecraft:redstone":10,"minecraft:stone_sword":1,"minecraft:arrow":31,"minecraft:rotten_flesh":26,"minecraft:beetroot_seeds":7,"minecraft:iron_bars":1,"minecraft:white_terracotta":18,"promenade:maple_planks":14,"minecraft:mutton":1,"minecraft:cobblestone":482,"minecraft:repeater":1,"minecraft:andesite":1,"minecraft:salmon":17,"minecraft:leather":1,"promenade:fulvous_maple_sapling":8,"natures_spirit:sugi_log":117,"minecraft:potato":68,"minecraft:filled_map":1,"minecraft:oak_log":2,"minecraft:gunpowder":4,"prefabricated:item_house":1,"natures_spirit:sugi_planks":27,"minecraft:dirt":27,"artifacts:flippers":4,"naturalist:bass":15,"minecraft:bone":47,"sophisticatedbackpacks:upgrade_base":2,"minecraft:wheat_seeds":2,"minecraft:raw_gold":4,"bewitchment:mandrake_seeds":1,"promenade:maple_log":8,"minecraft:oak_planks":18,"bountifulfares:maize_stuffed_potato":13,"soulsweapons:holy_greatsword":1,"minecells:monster_cell":2,"minecells:infected_flesh":2,"bewitchment:belladonna_seeds":1,"bewitchment:salt":88,"sophisticatedbackpacks:iron_backpack":9,"minecraft:spider_eye":2,"minecraft:light_gray_concrete":82,"minecraft:oak_wood":64,"promenade:vermilion_maple_sapling":1,"minecells:explosive_bulb":1,"minecraft:cherry_sapling":28,"minecraft:gray_wool":1,"soulsweapons:verglas":14,"minecraft:emerald":2,"minecraft:oak_sapling":5,"minecraft:coal":367},"minecraft:dropped":{"sophisticatedbackpacks:iron_backpack":2,"minecraft:wheat_seeds":2,"simplyskills:skill_chronicle":1,"bountifulfares:maize_stuffed_potato":4,"promenade:maple_planks":14,"minecraft:cobblestone":64,"bountifulfares:grass_seeds":2,"natures_spirit:sugi_sapling":22,"minecraft:cooked_salmon":8,"promenade:fulvous_maple_sapling":8,"promenade:maple_slab":9,"immersive_armors:wooden_chestplate":1,"bewitchment:belladonna_seeds":1,"minecraft:bone":1,"minecraft:redstone":5,"minecraft:stone_sword":2,"minecraft:cherry_sapling":17,"bewitchment:mandrake_seeds":1,"minecraft:oak_wood":32,"minecraft:beetroot_seeds":4,"minecraft:ladder":1,"minecraft:iron_bars":1,"minecraft:arrow":2,"minecraft:wooden_pickaxe":1,"minecraft:raw_gold":4},"minecraft:used":{"natures_spirit:sugi_planks":31,"minecraft:oak_trapdoor":3,"minecraft:cherry_sapling":11,"minecraft:stone_sword":157,"minecraft:spruce_slab":35,"minecraft:white_terracotta":12,"minecraft:stone":3,"minecraft:cooked_salmon":10,"minecraft:rotten_flesh":27,"minecraft:torch":159,"minecraft:dirt":27,"minecraft:carrot":6,"minecraft:wooden_axe":243,"bountifulfares:maize_stuffed_potato":9,"minecells:guts":1,"natures_spirit:sugi_sapling":9,"bountifulfares:lemon":5,"immersive_armors:wooden_chestplate":2,"minecraft:furnace":13,"minecraft:beetroot_seeds":4,"minecraft:potato":22,"immersive_armors:wooden_helmet":1,"minecraft:cobbled_deepslate":1,"minecraft:cooked_mutton":1,"minecraft:water_bucket":26,"promenade:maple_slab":4,"minecraft:stone_pickaxe":433,"minecraft:oak_planks":8,"minecraft:sugar_cane":16,"minecraft:wooden_pickaxe":46,"minecraft:cobblestone_slab":229,"promenade:vermilion_maple_sapling":1,"minecraft:golden_apple":1,"minecraft:crafting_table":5,"minecraft:white_bed":1,"minecraft:wooden_hoe":4,"soulsweapons:holy_greatsword":279,"wizards:wizard_robe_chest":1,"minecraft:light_gray_concrete":82,"minecraft:bread":1,"minecraft:iron_pickaxe":704,"minecells:infected_flesh":2,"immersive_armors:wooden_boots":1,"minecraft:wooden_sword":1008,"minecraft:cobblestone":109,"promenade:blunite":2,"minecraft:cooked_porkchop":1,"minecraft:bucket":26,"immersive_armors:wooden_leggings":1,"minecraft:bone_meal":47},"minecraft:killed":{"minecraft:witch":2,"minecraft:spider":3,"minecells:undead_archer":2,"naturalist:boar":1,"minecraft:skeleton":99,"naturalist:bass":17,"minecraft:drowned":1,"minecells:leaping_zombie":2,"minecells:grenadier":1,"artifacts:mimic":1,"minecraft:magma_cube":3,"minecraft:salmon":20,"minecraft:creeper":2,"minecraft:sheep":1,"minecraft:pillager":1,"minecraft:zombie":18,"minecells:shieldbearer":2},"minecraft:crafted":{"minecraft:cherry_planks":8,"minecraft:wooden_sword":23,"minecraft:oak_planks":20,"minecraft:cobblestone_slab":6,"minecraft:furnace":5,"minecraft:bone_meal":123,"sophisticatedbackpacks:crafting_upgrade":1,"naturalist:cooked_bass":7,"minecraft:cooked_mutton":1,"minecraft:oak_trapdoor":4,"immersive_armors:wooden_chestplate":1,"sophisticatedbackpacks:smelting_upgrade":1,"promenade:maple_planks":20,"minecraft:stone_pickaxe":4,"minecraft:chest":1,"sophisticatedbackpacks:iron_backpack":1,"minecraft:emerald":1,"minecraft:cooked_porkchop":1,"minecraft:crafting_table":3,"natures_spirit:sugi_planks":116,"minecraft:wooden_pickaxe":2,"minecraft:baked_potato":31,"immersive_armors:wooden_leggings":1,"natures_spirit:sugi_slab":18,"minecraft:cooked_salmon":21,"minecraft:copper_ingot":115,"minecraft:bucket":2,"minecraft:air":0,"immersive_armors:wooden_boots":1,"minecraft:white_wool":3,"minecraft:wooden_hoe":1,"minecraft:charcoal":14,"minecraft:shield":1,"minecraft:stick":56,"minecraft:iron_ingot":162,"minecraft:iron_pickaxe":3,"minecraft:wooden_axe":4,"minecraft:stone_sword":2,"minecraft:white_bed":1,"minecraft:torch":92,"promenade:maple_slab":12},"minecraft:broken":{"minecraft:stone_sword":1,"minecraft:stone_pickaxe":3,"minecraft:wooden_sword":14,"minecraft:iron_pickaxe":2,"minecraft:wooden_axe":4}},"DataVersion":3465}