{"stats":{"minecraft:custom":{"minecraft:interact_with_crafting_table":43,"minecraft:open_barrel":132,"goblintraders:trade_with_goblin":66,"minecraft:leave_game":17,"minecraft:time_since_death":159004,"minecraft:sprint_one_cm":892298,"minecraft:drop":264,"minecraft:play_noteblock":5,"minecraft:talked_to_villager":9,"minecraft:play_time":745782,"minecraft:deaths":19,"minecraft:jump":8861,"minecraft:walk_on_water_one_cm":98573,"minecraft:interact_with_furnace":194,"minecraft:sleep_in_bed":3,"minecraft:damage_dealt":79287,"minecraft:player_kills":9,"minecraft:crouch_one_cm":112688,"minecraft:inspect_dispenser":2,"minecraft:mob_kills":376,"minecraft:damage_dealt_resisted":209,"minecraft:climb_one_cm":111811,"minecraft:walk_one_cm":1839811,"minecraft:damage_dealt_absorbed":240,"minecraft:sneak_time":32353,"minecraft:walk_under_water_one_cm":141907,"minecraft:total_world_time":745782,"minecraft:tune_noteblock":5,"minecraft:time_since_rest":12206,"minecraft:damage_taken":17508,"minecraft:damage_absorbed":40,"minecraft:swim_one_cm":97068,"minecraft:fly_one_cm":1342715,"minecraft:open_chest":125,"minecraft:fall_one_cm":255690},"minecraft:picked_up":{"minecraft:wheat":18,"minecraft:smithing_table":2,"minecraft:lead":10,"soulsweapons:moonstone":19,"minecraft:potion":1,"minecraft:gilded_blackstone":2,"bountifulfares:grass_seeds":32,"minecraft:amethyst_block":2,"minecraft:string":63,"minecraft:raw_copper":194,"minecraft:iron_leggings":1,"bountifulfares:lemon":6,"minecraft:oak_sign":2,"minecraft:beetroot":3,"minecraft:cobbled_deepslate":986,"bosses_of_mass_destruction:soul_star":4,"minecraft:spruce_planks":3,"minecraft:cobblestone_slab":7,"minecraft:calcite":686,"minecraft:furnace":6,"natures_spirit:sugi_sapling":162,"minecells:guts":17,"minecraft:stick":115,"promenade:maple_slab":10,"minecraft:big_dripleaf":1,"minecraft:torch":43,"minecraft:green_bed":1,"minecraft:porkchop":1,"minecraft:cherry_log":32,"minecraft:pointed_dripstone":5,"minecraft:golden_chestplate":3,"minecraft:stone_sword":1,"minecraft:rotten_flesh":81,"minecraft:white_terracotta":18,"enchanted:belladonna_seeds":5,"minecraft:iron_bars":1,"minecraft:cobblestone":6276,"minecraft:pink_petals":29,"minecraft:repeater":1,"minecraft:andesite":1,"promenade:fulvous_maple_sapling":14,"natures_spirit:sugi_log":393,"minecraft:potato":390,"minecraft:flint":2,"minecraft:tuff":57,"naturalist:lizard_tail":1,"artifacts:pickaxe_heater":3,"minecraft:lapis_lazuli":148,"minecraft:dirt":791,"artifacts:flippers":11,"minecraft:leather_boots":1,"minecraft:bone":74,"minecraft:bow":4,"minecraft:wheat_seeds":71,"minecraft:raw_gold":45,"natures_spirit:gardenia":5,"minecraft:oak_planks":22,"enchanted:wolfsbane_seeds":17,"minecraft:poisonous_potato":2,"sophisticatedbackpacks:iron_backpack":11,"minecells:metal_shards":2,"minecraft:lily_of_the_valley":3,"minecraft:light_gray_concrete":82,"minecraft:diamond":36,"minecells:explosive_bulb":5,"enchanted:snowbell_seeds":5,"soulsweapons:verglas":22,"minecraft:emerald":6,"minecraft:oak_sapling":5,"sophisticatedbackpacks:gold_backpack":3,"minecraft:crafting_table":4,"minecraft:ladder":1,"minecraft:clay_ball":48,"promenade:blunite":38,"minecraft:brick":1,"minecraft:iron_axe":1,"minecraft:wooden_sword":1,"minecraft:iron_shovel":1,"minecraft:blackstone":8,"minecraft:observer":2,"minecraft:spruce_slab":61,"minecraft:sugar_cane":54,"minecraft:phantom_membrane":2,"minecraft:raw_iron":241,"minecraft:copper_ingot":102,"promenade:asphalt":31,"minecells:monsters_eye":1,"simplyskills:skill_chronicle":3,"minecells:arcane_goo":1,"sophisticatedbackpacks:backpack":2,"minecraft:redstone":561,"minecraft:carrot":54,"enchanted:water_artichoke_seeds":14,"bewitchment:garlic":3,"minecraft:arrow":78,"minecraft:stone_shovel":5,"minecraft:beetroot_seeds":14,"enchanted:mandrake_seeds":15,"promenade:maple_planks":14,"minecraft:mutton":2,"minecraft:rail":2,"minecraft:white_wool":1,"minecraft:glow_ink_sac":54,"minecraft:salmon":17,"minecraft:leather":4,"minecraft:filled_map":1,"minecraft:oak_log":2,"minecraft:golden_boots":1,"minecraft:gunpowder":18,"prefabricated:item_house":1,"natures_spirit:sugi_planks":27,"bewitchment:aconite_seeds":8,"naturalist:bass":15,"sophisticatedbackpacks:upgrade_base":2,"bewitchment:mandrake_seeds":2,"minecraft:iron_ingot":26,"promenade:maple_log":13,"sophisticatedbackpacks:diamond_backpack":8,"bountifulfares:maize_stuffed_potato":13,"minecraft:smooth_basalt":138,"soulsweapons:holy_greatsword":1,"minecraft:sweet_berries":14,"minecells:monster_cell":26,"minecraft:dripstone_block":18,"minecells:infected_flesh":16,"enchanted:garlic":8,"minecraft:gravel":27,"bewitchment:belladonna_seeds":4,"minecraft:amethyst_shard":6,"bewitchment:salt":182,"justhammers:stone_hammer":1,"minecraft:spider_eye":2,"minecraft:oak_wood":64,"promenade:vermilion_maple_sapling":1,"bewitchment:raw_silver":32,"minecraft:cherry_sapling":28,"minecraft:gray_wool":1,"minecraft:damaged_anvil":1,"minecraft:coal":647},"minecraft:killed":{"minecraft:cave_spider":3,"minecraft:witch":3,"minecraft:spider":5,"naturalist:boar":1,"minecraft:skeleton":148,"minecells:leaping_zombie":31,"minecells:grenadier":10,"minecells:protector":1,"artifacts:mimic":2,"minecraft:magma_cube":3,"minecraft:salmon":20,"minecraft:zombie_villager":1,"minecraft:creeper":7,"minecraft:sheep":1,"minecraft:trader_llama":2,"minecraft:pillager":4,"minecraft:zombie":78,"wildlife:sparrow":1,"minecells:shieldbearer":6,"minecells:mutated_bat":1,"minecells:undead_archer":14,"bewitchment:ghost":1,"minecraft:phantom":2,"naturalist:bass":17,"minecraft:drowned":1,"minecells:runner":3,"minecraft:wandering_trader":1,"minecraft:player":7},"minecraft:used":{"minecraft:beetroot":3,"minecraft:cherry_sapling":11,"minecraft:iron_shovel":265,"minecraft:spruce_slab":35,"minecraft:oak_sign":2,"minecraft:white_terracotta":12,"minecraft:stone":3,"minecraft:rotten_flesh":38,"minecraft:carrot":25,"minecraft:tuff":31,"natures_spirit:sugi_sapling":46,"immersive_armors:wooden_chestplate":2,"minecraft:sweet_berries":14,"minecraft:furnace":13,"minecraft:beetroot_seeds":7,"minecraft:potato":112,"immersive_armors:wooden_helmet":1,"minecraft:damaged_anvil":1,"minecraft:stone_pickaxe":433,"minecraft:oak_planks":8,"minecraft:blackstone":1,"minecraft:sugar_cane":41,"minecraft:wooden_pickaxe":46,"promenade:vermilion_maple_sapling":1,"minecraft:golden_apple":1,"soulsweapons:bluemoon_greatsword":5,"soulsweapons:bluemoon_shortsword":336,"minecraft:dripstone_block":6,"minecraft:light_gray_concrete":82,"minecraft:bread":2,"minecraft:string":2,"minecraft:wooden_sword":1008,"promenade:blunite":3,"minecraft:smithing_table":1,"minecraft:poisonous_potato":1,"minecraft:bone_meal":198,"minecraft:oak_trapdoor":3,"minecraft:stone_sword":157,"minecraft:stone_shovel":379,"minecraft:cooked_salmon":13,"promenade:asphalt":4,"minecraft:torch":317,"minecraft:dirt":60,"minecraft:wooden_axe":425,"bountifulfares:maize_stuffed_potato":9,"minecells:guts":1,"minecraft:smooth_basalt":5,"bountifulfares:lemon":6,"minecraft:cobbled_deepslate":164,"sophisticatedbackpacks:gold_backpack":2,"naturalist:lizard_tail":1,"minecraft:calcite":6,"minecraft:cooked_mutton":1,"minecraft:wheat_seeds":24,"minecraft:water_bucket":31,"promenade:maple_slab":4,"minecraft:baked_potato":131,"minecraft:green_bed":1,"minecraft:cobblestone_slab":229,"minecraft:crafting_table":5,"minecraft:white_bed":1,"justhammers:iron_hammer":1052,"minecraft:wooden_hoe":4,"soulsweapons:holy_greatsword":689,"wizards:wizard_robe_chest":1,"minecraft:iron_pickaxe":1233,"natures_spirit:sugi_log":29,"justhammers:stone_hammer":17,"minecraft:stone_axe":140,"minecells:infected_flesh":6,"immersive_armors:wooden_boots":1,"minecraft:cobblestone":473,"minecraft:cooked_porkchop":1,"minecraft:bucket":31,"immersive_armors:wooden_leggings":1,"natures_spirit:sugi_planks":31},"minecraft:mined":{"minecraft:spruce_planks":3,"minecraft:cherry_log":32,"minecraft:grass_block":554,"minecraft:stone_brick_wall":1,"minecraft:oak_wall_sign":2,"minecraft:gilded_blackstone":1,"minecraft:tall_seagrass":1,"minecraft:iron_ore":186,"minecraft:cobbled_deepslate":4,"minecraft:dirt_path":1,"minecraft:iron_bars":1,"minecells:wilted_wall_leaves":1,"minecraft:light_gray_concrete":82,"betterarcheology:loot_vase":1,"natures_spirit:sugi_sapling":1,"minecraft:spruce_slab":60,"minecraft:tripwire":4,"minecraft:green_bed":1,"minecraft:deepslate_redstone_ore":2,"minecraft:blackstone":1,"soulsweapons:verglas_ore_deepslate":1,"minecraft:amethyst_cluster":2,"minecraft:chiseled_quartz_block":4,"minecraft:clay":6,"minecraft:torch":6,"minecraft:calcite":18,"minecraft:cobblestone":33,"minecraft:sugar_cane":26,"minecraft:oak_planks":12,"minecraft:wall_torch":17,"minecraft:pink_petals":2,"minecraft:white_terracotta":18,"minecraft:repeater":1,"sophisticatedbackpacks:diamond_backpack":4,"minecraft:wheat":18,"minecraft:stone_brick_stairs":6,"minecraft:smooth_stone_slab":3,"minecraft:grass":44,"minecraft:oak_log":2,"minecraft:beetroots":3,"minecraft:dirt":165,"minecraft:smooth_quartz":14,"minecraft:smooth_basalt":23,"promenade:asphalt":1,"minecraft:oak_leaves":4,"minecraft:deepslate":56,"soulsweapons:verglas_ore":15,"minecraft:tuff":2,"minecraft:redstone_wire":9,"bewitchment:deepslate_silver_ore":4,"promenade:mikado_maple_leaf_pile":1,"promenade:maple_log":5,"minecraft:furnace":6,"minecraft:carrots":15,"minecraft:andesite":1,"soulsweapons:moonstone_ore_deepslate":1,"minecraft:potatoes":110,"promenade:maple_slab":1,"minecraft:deepslate_iron_ore":27,"minecraft:cobblestone_slab":8,"bewitchment:salt_ore":73,"minecraft:stone":762,"minecraft:smithing_table":2,"bountifulfares:hanging_lemon":5,"minecraft:lily_of_the_valley":1,"minecraft:observer":2,"natures_spirit:sugi_log":431,"minecraft:crafting_table":4,"minecraft:tall_grass":13,"minecraft:copper_ore":60,"minecraft:deepslate_gold_ore":6,"natures_spirit:sugi_planks":27,"minecraft:sweet_berry_bush":1,"natures_spirit:gardenia":3,"natures_spirit:sugi_leaves":139,"minecraft:coal_ore":281,"minecraft:cherry_leaves":1,"minecraft:gravel":25,"minecraft:cobweb":52,"minecraft:gold_ore":5},"minecraft:crafted":{"minecraft:brick":21,"minecraft:oak_planks":24,"minecraft:cobblestone_slab":6,"minecraft:stone":64,"sophisticatedbackpacks:crafting_upgrade":1,"naturalist:cooked_bass":7,"minecraft:cooked_mutton":1,"immersive_armors:wooden_chestplate":2,"sophisticatedbackpacks:smelting_upgrade":1,"minecraft:bow":2,"minecraft:iron_boots":1,"minecraft:chest":1,"minecraft:copper_block":13,"immersive_armors:wooden_helmet":1,"soulsweapons:bluemoon_greatsword":1,"minecraft:wooden_shovel":1,"minecraft:emerald":1,"minecraft:cooked_porkchop":1,"minecraft:crafting_table":3,"minecraft:iron_helmet":1,"minecraft:wooden_pickaxe":2,"minecraft:baked_potato":268,"immersive_armors:wooden_leggings":2,"natures_spirit:sugi_slab":18,"minecraft:copper_ingot":228,"immersive_armors:wooden_boots":2,"minecraft:iron_chestplate":1,"minecraft:wooden_hoe":1,"minecraft:charcoal":14,"minecraft:shield":1,"sophisticatedbackpacks:diamond_backpack":1,"minecraft:stick":72,"minecraft:iron_ingot":267,"minecraft:iron_pickaxe":6,"minecraft:stone_sword":2,"minecraft:gold_ingot":68,"promenade:maple_slab":12,"minecraft:cherry_planks":8,"minecraft:wooden_sword":23,"minecraft:stone_shovel":1,"minecraft:furnace":5,"soulsweapons:holy_greatsword":1,"minecraft:bone_meal":198,"minecraft:oak_trapdoor":4,"minecraft:diamond":9,"promenade:maple_planks":24,"minecraft:stone_pickaxe":4,"sophisticatedbackpacks:iron_backpack":1,"natures_spirit:sugi_planks":132,"minecraft:iron_sword":1,"minecraft:cooked_salmon":21,"sophisticatedbackpacks:gold_backpack":1,"minecraft:bucket":2,"minecraft:stone_axe":1,"mcdw:sword_katana":2,"minecraft:air":0,"justhammers:iron_hammer":12,"minecraft:white_wool":3,"minecraft:wooden_axe":7,"minecraft:iron_shovel":1,"minecraft:iron_leggings":1,"minecraft:white_bed":1,"minecraft:torch":188,"bewitchment:silver_ingot":32},"minecraft:dropped":{"soulsweapons:bluemoon_shortsword":2,"sophisticatedbackpacks:iron_backpack":3,"simplyskills:skill_chronicle":2,"minecraft:baked_potato":31,"bountifulfares:maize_stuffed_potato":4,"promenade:maple_planks":15,"artifacts:flippers":3,"natures_spirit:sugi_sapling":78,"sophisticatedbackpacks:gold_backpack":1,"bewitchment:aconite_seeds":6,"minecraft:dirt":2,"immersive_armors:wooden_leggings":2,"enchanted:snowbell_seeds":4,"natures_spirit:gardenia":5,"promenade:fulvous_maple_sapling":14,"promenade:maple_slab":9,"immersive_armors:wooden_chestplate":3,"bewitchment:belladonna_seeds":4,"minecraft:bone":3,"minecraft:diamond_block":1,"minecraft:golden_chestplate":3,"minecraft:cherry_sapling":17,"immersive_armors:wooden_boots":2,"minecraft:wheat":18,"minecraft:pointed_dripstone":2,"minecraft:rotten_flesh":5,"minecraft:oak_planks":5,"sophisticatedbackpacks:diamond_backpack":1,"minecraft:carrot":18,"minecraft:gunpowder":6,"minecraft:oak_wood":32,"minecraft:beetroot_seeds":8,"minecraft:ladder":1,"enchanted:garlic":7,"minecraft:arrow":4,"minecraft:iron_bars":1,"minecraft:golden_boots":1,"minecraft:wheat_seeds":21,"enchanted:wolfsbane_seeds":17,"minecraft:dripstone_block":2,"minecraft:lead":1,"minecraft:iron_helmet":1,"minecraft:cobblestone":64,"bountifulfares:grass_seeds":31,"minecraft:stick":1,"minecraft:torch":7,"promenade:maple_log":4,"minecraft:cooked_salmon":8,"minecraft:potion":1,"bewitchment:garlic":2,"minecraft:iron_leggings":1,"enchanted:water_artichoke_seeds":10,"minecraft:string":85,"minecraft:pink_petals":11,"minecraft:redstone":5,"enchanted:belladonna_seeds":5,"prefabricated:block_compressed_stone":7,"enchanted:mandrake_seeds":10,"minecraft:stone_sword":2,"minecraft:clay_ball":24,"minecraft:iron_boots":1,"minecraft:lily_of_the_valley":3,"minecraft:big_dripleaf":1,"bewitchment:mandrake_seeds":1,"minecraft:iron_chestplate":1,"minecraft:wooden_shovel":1,"minecraft:wooden_pickaxe":1,"minecraft:raw_gold":4,"minecraft:calcite":577,"immersive_armors:wooden_helmet":2,"minecraft:brick":22},"minecraft:killed_by":{"minecraft:vindicator":1,"minecraft:zombie":3,"minecraft:player":7,"minecells:leaping_zombie":1,"minecraft:skeleton":3},"minecraft:broken":{"minecraft:iron_shovel":1,"minecraft:stone_pickaxe":3,"minecraft:wooden_sword":14,"minecraft:stone_axe":1,"minecraft:wooden_axe":7,"minecraft:stone_shovel":2,"minecraft:stone_sword":1,"minecraft:iron_pickaxe":3,"minecraft:iron_helmet":1}},"DataVersion":3465}