{"stats":{"minecraft:killed":{"minecraft:skeleton":19,"minecraft:magma_cube":2,"minecraft:pillager":1},"minecraft:dropped":{"minecraft:beetroot_seeds":4,"minecraft:ladder":1},"minecraft:crafted":{"minecraft:wooden_sword":12,"minecraft:oak_planks":8,"minecraft:crafting_table":1,"minecraft:stick":8,"natures_spirit:sugi_planks":76,"minecraft:wooden_axe":2,"minecraft:torch":16,"immersive_armors:wooden_chestplate":1},"minecraft:picked_up":{"minecraft:crafting_table":2,"natures_spirit:sugi_sapling":38,"minecraft:stick":22,"minecraft:ladder":1,"natures_spirit:sugi_log":80,"minecraft:oak_log":2,"minecraft:string":2,"minecraft:wooden_sword":1,"promenade:vermilion_maple_sapling":1,"minecraft:bone":8,"minecraft:arrow":5,"minecraft:spruce_planks":3,"minecraft:emerald":1,"minecraft:spruce_slab":3,"minecraft:oak_sapling":5},"minecraft:custom":{"minecraft:time_since_rest":4430,"minecraft:sprint_one_cm":20369,"minecraft:damage_taken":1497,"minecraft:walk_one_cm":33525,"minecraft:mob_kills":22,"minecraft:drop":2,"minecraft:damage_dealt":5510,"minecraft:interact_with_crafting_table":11,"minecraft:fly_one_cm":15669,"minecraft:player_kills":1,"minecraft:open_chest":7,"minecraft:crouch_one_cm":6567,"minecraft:play_time":21652,"minecraft:deaths":2,"minecraft:sneak_time":2844,"minecraft:jump":128,"minecraft:leave_game":1,"minecraft:time_since_death":4398,"minecraft:walk_on_water_one_cm":1541,"minecraft:total_world_time":21652,"minecraft:climb_one_cm":23876,"minecraft:fall_one_cm":15107},"minecraft:used":{"natures_spirit:sugi_planks":19,"minecraft:wooden_axe":82,"wizards:wizard_robe_chest":1,"minecraft:oak_planks":8,"promenade:vermilion_maple_sapling":1,"immersive_armors:wooden_chestplate":1,"minecraft:torch":9,"minecraft:wooden_sword":409,"minecraft:crafting_table":3},"minecraft:killed_by":{"minecraft:skeleton":1},"minecraft:mined":{"minecraft:spruce_planks":3,"natures_spirit:sugi_log":80,"minecraft:crafting_table":2,"minecraft:oak_log":2,"minecraft:oak_leaves":4,"minecraft:spruce_slab":3,"minecraft:tripwire":2},"minecraft:broken":{"minecraft:wooden_axe":1,"minecraft:wooden_sword":6}},"DataVersion":3465}