{"stats":{"minecraft:broken":{"minecraft:stone_pickaxe":3,"minecraft:wooden_sword":14,"minecraft:iron_pickaxe":2,"minecraft:wooden_axe":4},"minecraft:mined":{"minecraft:spruce_planks":3,"minecraft:cherry_log":32,"minecraft:stone_brick_wall":1,"minecraft:redstone_wire":9,"minecraft:furnace":5,"minecraft:iron_ore":179,"minecraft:andesite":1,"minecraft:cobblestone_slab":2,"minecraft:deepslate_iron_ore":10,"bewitchment:salt_ore":57,"minecraft:light_gray_concrete":74,"betterarcheology:loot_vase":1,"minecraft:stone":444,"minecraft:spruce_slab":60,"minecraft:tripwire":4,"bountifulfares:hanging_lemon":5,"minecraft:observer":2,"natures_spirit:sugi_log":140,"minecraft:chiseled_quartz_block":3,"minecraft:crafting_table":4,"minecraft:torch":3,"minecraft:copper_ore":53,"minecraft:cobblestone":21,"minecraft:sugar_cane":6,"minecraft:oak_planks":8,"minecraft:wall_torch":13,"minecraft:repeater":1,"natures_spirit:sugi_planks":27,"minecraft:stone_brick_stairs":6,"minecraft:smooth_stone_slab":3,"minecraft:grass":3,"minecraft:oak_log":2,"minecraft:coal_ore":246,"minecraft:cherry_leaves":1,"minecraft:dirt":5,"minecraft:smooth_quartz":8,"minecraft:cobweb":13,"minecraft:gold_ore":5,"minecraft:oak_leaves":4,"minecraft:deepslate":1,"soulsweapons:verglas_ore":12},"minecraft:picked_up":{"minecraft:crafting_table":4,"minecraft:ladder":1,"promenade:blunite":2,"bountifulfares:grass_seeds":1,"minecraft:string":18,"minecraft:raw_copper":190,"minecraft:wooden_sword":1,"bountifulfares:lemon":5,"minecraft:cobbled_deepslate":1,"bosses_of_mass_destruction:soul_star":1,"minecraft:spruce_planks":3,"minecraft:cobblestone_slab":1,"minecraft:observer":2,"minecraft:spruce_slab":61,"minecraft:sugar_cane":16,"minecraft:furnace":5,"minecraft:raw_iron":203,"minecells:guts":1,"natures_spirit:sugi_sapling":69,"minecraft:stick":56,"minecraft:torch":21,"sophisticatedbackpacks:backpack":2,"minecraft:porkchop":1,"minecraft:cherry_log":32,"minecraft:redstone":10,"minecraft:rotten_flesh":26,"minecraft:arrow":16,"minecraft:beetroot_seeds":7,"minecraft:mutton":1,"minecraft:cobblestone":479,"minecraft:repeater":1,"minecraft:salmon":17,"minecraft:andesite":1,"minecraft:leather":1,"natures_spirit:sugi_log":117,"minecraft:filled_map":1,"minecraft:oak_log":2,"prefabricated:item_house":1,"minecraft:gunpowder":4,"minecraft:dirt":5,"natures_spirit:sugi_planks":27,"artifacts:flippers":3,"naturalist:bass":15,"minecraft:bone":26,"sophisticatedbackpacks:upgrade_base":2,"minecraft:raw_gold":4,"minecraft:oak_planks":6,"bountifulfares:maize_stuffed_potato":13,"minecells:monster_cell":2,"minecells:infected_flesh":2,"bewitchment:salt":88,"sophisticatedbackpacks:iron_backpack":8,"minecraft:spider_eye":2,"minecraft:oak_wood":64,"minecraft:light_gray_concrete":74,"promenade:vermilion_maple_sapling":1,"minecells:explosive_bulb":1,"minecraft:cherry_sapling":28,"minecraft:gray_wool":1,"soulsweapons:verglas":14,"minecraft:emerald":2,"minecraft:oak_sapling":5,"minecraft:coal":367},"minecraft:dropped":{"sophisticatedbackpacks:iron_backpack":2,"bountifulfares:maize_stuffed_potato":4,"minecraft:cobblestone":64,"bountifulfares:grass_seeds":1,"natures_spirit:sugi_sapling":22,"immersive_armors:wooden_chestplate":1,"minecraft:redstone":5,"minecraft:bone":1,"minecraft:cherry_sapling":17,"minecraft:oak_wood":32,"minecraft:beetroot_seeds":4,"minecraft:ladder":1,"minecraft:arrow":2,"minecraft:wooden_pickaxe":1,"minecraft:raw_gold":4},"minecraft:killed_by":{"minecraft:player":2,"minecells:leaping_zombie":1,"minecraft:skeleton":3,"minecraft:zombie":2},"minecraft:crafted":{"minecraft:cherry_planks":8,"minecraft:wooden_sword":23,"minecraft:oak_planks":8,"minecraft:furnace":4,"sophisticatedbackpacks:crafting_upgrade":1,"minecraft:cooked_mutton":1,"immersive_armors:wooden_chestplate":1,"sophisticatedbackpacks:smelting_upgrade":1,"minecraft:stone_pickaxe":4,"minecraft:chest":1,"sophisticatedbackpacks:iron_backpack":1,"minecraft:emerald":1,"minecraft:cooked_porkchop":1,"minecraft:crafting_table":3,"minecraft:wooden_pickaxe":2,"natures_spirit:sugi_planks":116,"immersive_armors:wooden_leggings":1,"natures_spirit:sugi_slab":18,"minecraft:cooked_salmon":16,"minecraft:copper_ingot":115,"minecraft:bucket":2,"minecraft:air":0,"immersive_armors:wooden_boots":1,"minecraft:white_wool":3,"minecraft:wooden_hoe":1,"minecraft:charcoal":14,"minecraft:shield":1,"minecraft:stick":52,"minecraft:iron_pickaxe":3,"minecraft:iron_ingot":98,"minecraft:wooden_axe":4,"minecraft:stone_sword":1,"minecraft:white_bed":1,"minecraft:torch":92},"minecraft:used":{"natures_spirit:sugi_planks":31,"minecraft:cherry_sapling":11,"minecraft:stone_sword":72,"minecraft:spruce_slab":35,"minecraft:stone":3,"minecraft:cooked_salmon":4,"minecraft:rotten_flesh":27,"minecraft:torch":156,"minecraft:dirt":5,"minecraft:wooden_axe":243,"bountifulfares:maize_stuffed_potato":9,"minecells:guts":1,"natures_spirit:sugi_sapling":9,"immersive_armors:wooden_chestplate":2,"bountifulfares:lemon":5,"minecraft:furnace":6,"minecraft:beetroot_seeds":4,"minecraft:cobbled_deepslate":1,"immersive_armors:wooden_helmet":1,"minecraft:cooked_mutton":1,"minecraft:water_bucket":8,"minecraft:stone_pickaxe":433,"minecraft:oak_planks":8,"minecraft:wooden_pickaxe":46,"minecraft:cobblestone_slab":223,"minecraft:sugar_cane":16,"promenade:vermilion_maple_sapling":1,"minecraft:golden_apple":1,"minecraft:crafting_table":5,"minecraft:white_bed":1,"minecraft:wooden_hoe":4,"wizards:wizard_robe_chest":1,"minecraft:light_gray_concrete":47,"minecraft:bread":1,"minecraft:iron_pickaxe":662,"minecells:infected_flesh":2,"immersive_armors:wooden_boots":1,"minecraft:wooden_sword":1008,"minecraft:cobblestone":109,"promenade:blunite":2,"minecraft:cooked_porkchop":1,"minecraft:bucket":10,"immersive_armors:wooden_leggings":1},"minecraft:killed":{"minecraft:witch":2,"minecraft:spider":3,"minecells:undead_archer":2,"naturalist:boar":1,"minecraft:skeleton":47,"naturalist:bass":17,"minecraft:drowned":1,"minecells:leaping_zombie":2,"minecells:grenadier":1,"artifacts:mimic":1,"minecraft:magma_cube":3,"minecraft:salmon":20,"minecraft:creeper":2,"minecraft:sheep":1,"minecraft:pillager":1,"minecraft:zombie":18,"minecells:shieldbearer":2},"minecraft:custom":{"minecraft:mob_kills":128,"minecraft:interact_with_crafting_table":29,"minecraft:open_barrel":1,"goblintraders:trade_with_goblin":38,"minecraft:leave_game":6,"minecraft:time_since_death":115202,"minecraft:climb_one_cm":57646,"minecraft:sprint_one_cm":135748,"minecraft:walk_one_cm":677821,"minecraft:drop":45,"minecraft:play_noteblock":4,"minecraft:damage_dealt_absorbed":80,"minecraft:walk_under_water_one_cm":52617,"minecraft:play_time":284604,"minecraft:deaths":9,"minecraft:sneak_time":20314,"minecraft:jump":2291,"minecraft:walk_on_water_one_cm":57699,"minecraft:total_world_time":284604,"minecraft:interact_with_furnace":69,"minecraft:tune_noteblock":3,"minecraft:time_since_rest":115473,"minecraft:damage_taken":5857,"minecraft:damage_absorbed":40,"minecraft:damage_dealt":21773,"minecraft:swim_one_cm":51185,"minecraft:fly_one_cm":218184,"minecraft:player_kills":1,"minecraft:open_chest":46,"minecraft:crouch_one_cm":66214,"minecraft:fall_one_cm":57675,"minecraft:inspect_dispenser":1}},"DataVersion":3465}