{"stats":{"minecraft:killed_by":{"minecraft:zombie":3,"minecraft:player":2,"minecells:leaping_zombie":1,"minecraft:skeleton":3},"minecraft:custom":{"minecraft:interact_with_crafting_table":40,"minecraft:open_barrel":100,"goblintraders:trade_with_goblin":66,"minecraft:leave_game":11,"minecraft:time_since_death":84728,"minecraft:sprint_one_cm":392590,"minecraft:drop":96,"minecraft:play_noteblock":5,"minecraft:talked_to_villager":8,"minecraft:play_time":512576,"minecraft:deaths":12,"minecraft:jump":4632,"minecraft:walk_on_water_one_cm":83673,"minecraft:interact_with_furnace":158,"minecraft:sleep_in_bed":1,"minecraft:damage_dealt":57875,"minecraft:player_kills":2,"minecraft:crouch_one_cm":95945,"minecraft:inspect_dispenser":2,"minecraft:mob_kills":272,"minecraft:climb_one_cm":95658,"minecraft:walk_one_cm":1205456,"minecraft:damage_dealt_absorbed":160,"minecraft:sneak_time":26955,"minecraft:walk_under_water_one_cm":120919,"minecraft:total_world_time":512576,"minecraft:tune_noteblock":5,"minecraft:time_since_rest":16850,"minecraft:damage_taken":10254,"minecraft:damage_absorbed":40,"minecraft:swim_one_cm":64004,"minecraft:fly_one_cm":493818,"minecraft:open_chest":79,"minecraft:fall_one_cm":128308},"minecraft:broken":{"minecraft:stone_pickaxe":3,"minecraft:wooden_sword":14,"minecraft:wooden_axe":6,"minecraft:stone_sword":1,"minecraft:iron_pickaxe":2},"minecraft:mined":{"minecraft:spruce_planks":3,"minecraft:cherry_log":32,"minecraft:grass_block":19,"minecraft:stone_brick_wall":1,"minecraft:oak_wall_sign":2,"minecraft:gilded_blackstone":1,"minecraft:iron_ore":183,"minecraft:cobbled_deepslate":2,"minecraft:iron_bars":1,"minecraft:light_gray_concrete":82,"betterarcheology:loot_vase":1,"natures_spirit:sugi_sapling":1,"minecraft:spruce_slab":60,"minecraft:tripwire":4,"minecraft:green_bed":1,"minecraft:deepslate_redstone_ore":2,"minecraft:blackstone":1,"soulsweapons:verglas_ore_deepslate":1,"minecraft:amethyst_cluster":2,"minecraft:chiseled_quartz_block":4,"minecraft:torch":6,"minecraft:cobblestone":28,"minecraft:sugar_cane":26,"minecraft:oak_planks":8,"minecraft:wall_torch":17,"minecraft:white_terracotta":18,"minecraft:repeater":1,"minecraft:wheat":18,"minecraft:stone_brick_stairs":6,"minecraft:smooth_stone_slab":3,"minecraft:grass":6,"minecraft:oak_log":2,"minecraft:beetroots":3,"minecraft:dirt":14,"minecraft:smooth_quartz":14,"minecraft:smooth_basalt":23,"minecraft:oak_leaves":4,"minecraft:deepslate":51,"soulsweapons:verglas_ore":14,"minecraft:tuff":2,"minecraft:redstone_wire":9,"bewitchment:deepslate_silver_ore":4,"promenade:mikado_maple_leaf_pile":1,"promenade:maple_log":5,"minecraft:furnace":6,"minecraft:carrots":15,"minecraft:andesite":1,"soulsweapons:moonstone_ore_deepslate":1,"minecraft:potatoes":81,"promenade:maple_slab":1,"minecraft:deepslate_iron_ore":27,"minecraft:cobblestone_slab":8,"bewitchment:salt_ore":57,"minecraft:stone":463,"minecraft:smithing_table":1,"bountifulfares:hanging_lemon":5,"minecraft:observer":2,"natures_spirit:sugi_log":242,"minecraft:crafting_table":4,"minecraft:copper_ore":53,"minecraft:tall_grass":2,"minecraft:deepslate_gold_ore":6,"minecraft:sweet_berry_bush":1,"natures_spirit:sugi_planks":27,"minecraft:coal_ore":265,"minecraft:cherry_leaves":1,"minecraft:cobweb":52,"minecraft:gold_ore":5},"minecraft:dropped":{"sophisticatedbackpacks:iron_backpack":2,"simplyskills:skill_chronicle":2,"bountifulfares:maize_stuffed_potato":4,"promenade:maple_planks":15,"natures_spirit:sugi_sapling":45,"immersive_armors:wooden_leggings":1,"promenade:fulvous_maple_sapling":12,"immersive_armors:wooden_chestplate":2,"promenade:maple_slab":9,"bewitchment:belladonna_seeds":1,"minecraft:bone":1,"minecraft:wheat":18,"minecraft:cherry_sapling":17,"immersive_armors:wooden_boots":1,"minecraft:pointed_dripstone":2,"minecraft:oak_planks":1,"minecraft:carrot":18,"minecraft:oak_wood":32,"minecraft:beetroot_seeds":8,"minecraft:ladder":1,"minecraft:iron_bars":1,"minecraft:arrow":4,"minecraft:golden_boots":1,"minecraft:wheat_seeds":3,"enchanted:wolfsbane_seeds":1,"minecraft:dripstone_block":2,"minecraft:cobblestone":64,"bountifulfares:grass_seeds":4,"minecraft:torch":7,"promenade:maple_log":4,"minecraft:cooked_salmon":8,"minecraft:string":21,"minecraft:redstone":5,"minecraft:stone_sword":2,"minecraft:clay_ball":24,"minecraft:lily_of_the_valley":1,"minecraft:big_dripleaf":1,"bewitchment:mandrake_seeds":1,"minecraft:wooden_pickaxe":1,"minecraft:raw_gold":4,"immersive_armors:wooden_helmet":1},"minecraft:used":{"natures_spirit:sugi_planks":31,"minecraft:beetroot":3,"minecraft:cherry_sapling":11,"minecraft:spruce_slab":35,"minecraft:oak_sign":2,"minecraft:white_terracotta":12,"minecraft:stone":3,"minecraft:rotten_flesh":32,"minecraft:carrot":25,"minecraft:tuff":31,"natures_spirit:sugi_sapling":24,"immersive_armors:wooden_chestplate":2,"minecraft:sweet_berries":13,"minecraft:furnace":13,"minecraft:beetroot_seeds":7,"minecraft:potato":83,"immersive_armors:wooden_helmet":1,"minecraft:stone_pickaxe":433,"minecraft:oak_planks":8,"minecraft:blackstone":1,"minecraft:wooden_pickaxe":46,"promenade:vermilion_maple_sapling":1,"minecraft:sugar_cane":41,"minecraft:golden_apple":1,"minecraft:dripstone_block":6,"minecraft:light_gray_concrete":82,"minecraft:bread":2,"minecraft:wooden_sword":1008,"promenade:blunite":2,"minecraft:smithing_table":1,"minecraft:poisonous_potato":1,"minecraft:bone_meal":150,"minecraft:oak_trapdoor":3,"minecraft:stone_sword":157,"minecraft:cooked_salmon":13,"minecraft:torch":309,"minecraft:dirt":27,"minecraft:wooden_axe":359,"bountifulfares:maize_stuffed_potato":9,"minecells:guts":1,"minecraft:smooth_basalt":5,"bountifulfares:lemon":6,"minecraft:cobbled_deepslate":164,"sophisticatedbackpacks:gold_backpack":1,"naturalist:lizard_tail":1,"minecraft:wheat_seeds":24,"minecraft:cooked_mutton":1,"minecraft:water_bucket":31,"promenade:maple_slab":4,"minecraft:baked_potato":34,"minecraft:cobblestone_slab":229,"minecraft:crafting_table":5,"minecraft:white_bed":1,"justhammers:iron_hammer":284,"minecraft:wooden_hoe":4,"soulsweapons:holy_greatsword":652,"wizards:wizard_robe_chest":1,"minecraft:iron_pickaxe":865,"minecells:infected_flesh":2,"immersive_armors:wooden_boots":1,"minecraft:cobblestone":142,"minecraft:cooked_porkchop":1,"minecraft:bucket":31,"immersive_armors:wooden_leggings":1},"minecraft:killed":{"minecraft:cave_spider":3,"minecraft:witch":2,"minecraft:spider":3,"naturalist:boar":1,"minecraft:skeleton":139,"minecells:leaping_zombie":2,"minecells:grenadier":1,"artifacts:mimic":1,"minecraft:magma_cube":3,"minecraft:zombie_villager":1,"minecraft:salmon":20,"minecraft:creeper":3,"minecraft:sheep":1,"minecraft:pillager":1,"minecraft:zombie":63,"minecells:shieldbearer":2,"minecells:undead_archer":2,"bewitchment:ghost":1,"naturalist:bass":17,"minecraft:drowned":1,"minecraft:player":1},"minecraft:crafted":{"minecraft:oak_planks":24,"minecraft:cobblestone_slab":6,"sophisticatedbackpacks:crafting_upgrade":1,"naturalist:cooked_bass":7,"minecraft:cooked_mutton":1,"immersive_armors:wooden_chestplate":1,"sophisticatedbackpacks:smelting_upgrade":1,"minecraft:chest":1,"minecraft:copper_block":13,"minecraft:emerald":1,"minecraft:cooked_porkchop":1,"minecraft:crafting_table":3,"minecraft:baked_potato":206,"minecraft:wooden_pickaxe":2,"immersive_armors:wooden_leggings":1,"natures_spirit:sugi_slab":18,"minecraft:copper_ingot":228,"immersive_armors:wooden_boots":1,"minecraft:wooden_hoe":1,"minecraft:charcoal":14,"minecraft:shield":1,"sophisticatedbackpacks:diamond_backpack":1,"minecraft:stick":72,"minecraft:iron_pickaxe":4,"minecraft:iron_ingot":240,"minecraft:stone_sword":2,"minecraft:gold_ingot":63,"promenade:maple_slab":12,"minecraft:cherry_planks":8,"minecraft:wooden_sword":23,"minecraft:furnace":5,"soulsweapons:holy_greatsword":1,"minecraft:bone_meal":150,"minecraft:oak_trapdoor":4,"minecraft:diamond":9,"promenade:maple_planks":24,"minecraft:stone_pickaxe":4,"sophisticatedbackpacks:iron_backpack":1,"natures_spirit:sugi_planks":124,"minecraft:iron_sword":1,"minecraft:cooked_salmon":21,"sophisticatedbackpacks:gold_backpack":1,"minecraft:bucket":2,"mcdw:sword_katana":2,"minecraft:air":0,"justhammers:iron_hammer":5,"minecraft:white_wool":3,"minecraft:wooden_axe":6,"minecraft:white_bed":1,"minecraft:torch":188,"bewitchment:silver_ingot":32},"minecraft:picked_up":{"minecraft:wheat":18,"minecraft:smithing_table":1,"minecraft:lead":1,"soulsweapons:moonstone":19,"minecraft:gilded_blackstone":2,"bountifulfares:grass_seeds":4,"minecraft:amethyst_block":2,"minecraft:string":61,"minecraft:raw_copper":190,"bountifulfares:lemon":6,"minecraft:oak_sign":2,"minecraft:beetroot":3,"minecraft:cobbled_deepslate":956,"bosses_of_mass_destruction:soul_star":4,"minecraft:spruce_planks":3,"minecraft:cobblestone_slab":7,"minecraft:furnace":6,"promenade:maple_slab":10,"minecells:guts":1,"natures_spirit:sugi_sapling":107,"minecraft:stick":82,"minecraft:big_dripleaf":1,"minecraft:torch":39,"minecraft:green_bed":1,"minecraft:porkchop":1,"minecraft:cherry_log":32,"minecraft:pointed_dripstone":5,"minecraft:golden_chestplate":1,"minecraft:stone_sword":1,"minecraft:rotten_flesh":54,"minecraft:white_terracotta":18,"minecraft:iron_bars":1,"minecraft:cobblestone":1237,"minecraft:repeater":1,"minecraft:andesite":1,"promenade:fulvous_maple_sapling":12,"natures_spirit:sugi_log":192,"minecraft:potato":289,"minecraft:tuff":57,"artifacts:flippers":5,"naturalist:lizard_tail":1,"minecraft:lapis_lazuli":148,"minecraft:dirt":45,"minecraft:bone":68,"minecraft:bow":1,"minecraft:wheat_seeds":48,"minecraft:raw_gold":45,"minecraft:oak_planks":18,"enchanted:wolfsbane_seeds":1,"minecraft:poisonous_potato":1,"sophisticatedbackpacks:iron_backpack":11,"minecraft:lily_of_the_valley":1,"minecraft:light_gray_concrete":82,"minecells:explosive_bulb":1,"minecraft:diamond":36,"soulsweapons:verglas":21,"minecraft:emerald":2,"minecraft:oak_sapling":5,"sophisticatedbackpacks:gold_backpack":1,"minecraft:crafting_table":4,"minecraft:ladder":1,"minecraft:clay_ball":24,"promenade:blunite":28,"minecraft:wooden_sword":1,"minecraft:iron_shovel":1,"minecraft:blackstone":8,"minecraft:observer":2,"minecraft:spruce_slab":61,"minecraft:sugar_cane":54,"minecraft:raw_iron":241,"promenade:asphalt":21,"minecraft:copper_ingot":35,"simplyskills:skill_chronicle":3,"sophisticatedbackpacks:backpack":2,"minecraft:redstone":527,"minecraft:carrot":54,"minecraft:arrow":57,"minecraft:beetroot_seeds":14,"promenade:maple_planks":14,"minecraft:mutton":1,"minecraft:rail":2,"minecraft:glow_ink_sac":54,"minecraft:salmon":17,"minecraft:leather":2,"minecraft:filled_map":1,"minecraft:oak_log":2,"minecraft:golden_boots":1,"minecraft:gunpowder":5,"prefabricated:item_house":1,"natures_spirit:sugi_planks":27,"naturalist:bass":15,"sophisticatedbackpacks:upgrade_base":2,"bewitchment:mandrake_seeds":1,"minecraft:iron_ingot":17,"promenade:maple_log":13,"bountifulfares:maize_stuffed_potato":13,"minecraft:smooth_basalt":138,"soulsweapons:holy_greatsword":1,"minecraft:sweet_berries":14,"minecells:monster_cell":2,"minecraft:dripstone_block":18,"minecells:infected_flesh":2,"bewitchment:belladonna_seeds":1,"minecraft:amethyst_shard":6,"bewitchment:salt":88,"minecraft:spider_eye":2,"minecraft:oak_wood":64,"promenade:vermilion_maple_sapling":1,"bewitchment:raw_silver":32,"minecraft:cherry_sapling":28,"minecraft:gray_wool":1,"minecraft:coal":386}},"DataVersion":3465}