{"stats":{"minecraft:mined":{"gravestones:gravestone":7,"bountifulfares:hanging_lemon":3,"bountifulfares:hanging_apple":1,"minecraft:lily_of_the_valley":1,"natures_spirit:sugi_log":172,"minecraft:torch":2,"bewitchment:aconite":1,"minecraft:grass_block":3,"minecraft:tall_grass":52,"minecraft:wall_torch":6,"minecraft:large_fern":2,"promenade:maple_log":13,"minecraft:wheat":4,"minecraft:grass":95,"natures_spirit:gardenia":6,"natures_spirit:sugi_leaves":18,"minecraft:dirt":8,"minecraft:stripped_oak_log":2,"promenade:mikado_carpeted_grass_block":1,"minecraft:stone":2,"natures_spirit:sugi_sapling":2,"minecells:alchemy_equipment_1":1,"minecraft:fern":2},"minecraft:picked_up":{"minecraft:wooden_axe":1,"minecraft:stripped_oak_log":2,"minecraft:feather":5,"minecells:crowbar":6,"minecraft:golden_leggings":1,"natures_spirit:sugi_log":48,"minecraft:gunpowder":2,"prefabricated:item_house":1,"bountifulfares:grass_seeds":50,"bewitchment:aconite_seeds":6,"minecraft:dirt":30,"minecraft:iron_shovel":1,"bountifulfares:lemon":3,"minecraft:bone":9,"minecraft:bow":2,"minecraft:wheat_seeds":25,"bewitchment:mandrake_seeds":7,"immersive_armors:wooden_leggings":2,"promenade:maple_log":14,"natures_spirit:gardenia":4,"minecells:guts":4,"minecraft:stick":57,"natures_spirit:sugi_sapling":77,"naturalist:duck":4,"enchanted:wolfsbane_seeds":1,"promenade:duck":1,"minecells:monster_cell":9,"minecraft:torch":8,"minecells:infected_flesh":2,"enchanted:garlic":4,"bewitchment:belladonna_seeds":1,"justhammers:stone_hammer":1,"minecraft:lily_of_the_valley":2,"naturalist:duck_egg":5,"immersive_armors:wooden_helmet":2,"enchanted:water_artichoke_seeds":5,"minecraft:arrow":13,"bewitchment:garlic":3,"promenade:vermilion_maple_sapling":1,"minecraft:rotten_flesh":14,"minecells:explosive_bulb":2,"immersive_armors:wooden_chestplate":2,"enchanted:snowbell_seeds":1,"enchanted:mandrake_seeds":7,"minecraft:emerald":1,"minecraft:bread":41,"enchanted:belladonna_seeds":1,"gravestones:gravestone":9,"immersive_armors:wooden_boots":2,"minecraft:cobblestone":1},"minecraft:dropped":{"promenade:maple_log":1},"minecraft:killed_by":{"minecraft:skeleton":6,"minecraft:creeper":1,"minecraft:spider":1,"minecraft:pillager":2,"minecells:leaping_zombie":5,"minecells:grenadier":2,"minecells:shieldbearer":1},"minecraft:crafted":{"minecraft:wooden_sword":1,"minecraft:crafting_table":1,"minecraft:wooden_pickaxe":1,"minecraft:baked_potato":3,"immersive_armors:wooden_leggings":1,"promenade:cooked_duck":4,"immersive_armors:wooden_chestplate":1,"immersive_armors:wooden_boots":1,"promenade:maple_planks":16,"minecraft:stick":4,"immersive_armors:wooden_helmet":1},"minecraft:used":{"bewitchment:garlic":1,"minecraft:wheat_seeds":11,"minecraft:baked_potato":3,"minecraft:wooden_pickaxe":2,"bewitchment:mandrake_seeds":1,"naturalist:duck_egg":4,"minecraft:torch":10,"minecraft:dirt":4,"promenade:maple_log":2,"minecraft:crafting_table":1,"bewitchment:aconite_seeds":1,"promenade:cooked_duck":4,"minecells:crowbar":92,"minecraft:wooden_axe":24,"gravestones:gravestone":9,"minecraft:bread":27,"natures_spirit:sugi_sapling":4,"minecraft:stone_axe":122,"naturalist:duck":3,"minecraft:wooden_sword":1,"bountifulfares:lemon":3,"minecraft:stripped_oak_log":2},"minecraft:killed":{"wildlife:stickbug":1,"promenade:duck":1,"minecraft:spider":1,"minecells:undead_archer":3,"naturalist:duck":4,"minecraft:skeleton":6,"minecraft:pillager":1,"minecraft:zombie":8,"minecells:shieldbearer":2,"minecells:leaping_zombie":7,"minecells:grenadier":4},"minecraft:custom":{"minecraft:interact_with_furnace":6,"minecraft:mob_kills":39,"minecraft:interact_with_crafting_table":10,"minecraft:open_barrel":17,"minecraft:leave_game":2,"minecraft:time_since_death":17500,"minecraft:sleep_in_bed":6,"minecraft:climb_one_cm":24298,"minecraft:time_since_rest":12002,"minecraft:sprint_one_cm":841628,"minecraft:damage_taken":9296,"minecraft:walk_one_cm":774123,"minecraft:drop":1,"minecraft:damage_dealt":6844,"minecraft:swim_one_cm":1674,"minecraft:fly_one_cm":303266,"minecraft:open_chest":39,"minecraft:crouch_one_cm":4319,"minecraft:play_time":189918,"minecraft:sneak_time":1088,"minecraft:deaths":27,"minecraft:walk_under_water_one_cm":11330,"minecraft:jump":2223,"minecraft:walk_on_water_one_cm":4871,"minecraft:total_world_time":189918,"minecraft:fall_one_cm":53177}},"DataVersion":3465}