{"stats":{"minecraft:killed_by":{"minecraft:player":1,"minecraft:vindicator":2},"minecraft:custom":{"minecraft:mob_kills":169,"minecraft:inspect_hopper":1,"minecraft:interact_with_crafting_table":26,"minecraft:open_barrel":96,"minecraft:leave_game":8,"minecraft:time_since_death":69625,"minecraft:climb_one_cm":81390,"minecraft:sprint_one_cm":690095,"minecraft:walk_one_cm":373620,"minecraft:drop":56,"minecraft:talked_to_villager":3,"minecraft:play_time":256980,"minecraft:deaths":5,"minecraft:sneak_time":13287,"minecraft:walk_under_water_one_cm":60079,"minecraft:jump":3484,"minecraft:walk_on_water_one_cm":31340,"minecraft:total_world_time":256980,"minecraft:interact_with_furnace":13,"minecraft:interact_with_stonecutter":1,"minecraft:sleep_in_bed":7,"minecraft:time_since_rest":4780,"minecraft:damage_taken":4140,"minecraft:damage_dealt":19982,"minecraft:swim_one_cm":101815,"minecraft:fly_one_cm":1151921,"minecraft:open_chest":65,"minecraft:crouch_one_cm":35705,"minecraft:fall_one_cm":103854},"minecraft:mined":{"minecraft:cherry_log":40,"minecraft:grass_block":42,"minecraft:hay_block":11,"enchanted:water_artichoke":1,"minecraft:furnace":1,"minecraft:barrel":21,"wilderwild:bush":1,"betterarcheology:loot_vase":1,"minecraft:stone":22,"natures_spirit:sugi_sapling":2,"bountifulfares:apple_leaves":6,"gravestones:gravestone":1,"minecraft:red_bed":1,"natures_spirit:sugi_log":196,"minecraft:crafting_table":2,"minecraft:chest":9,"minecraft:pink_petals":3,"minecraft:wheat":14,"bountifulfares:flowering_apple_leaves":2,"minecraft:stone_brick_stairs":1,"minecraft:grass":24,"natures_spirit:gardenia":1,"natures_spirit:sugi_leaves":3,"minecraft:dirt":5,"minecraft:stone_bricks":3,"minecraft:mossy_stone_bricks":6,"minecraft:fern":1},"minecraft:used":{"enchanted:water_artichoke":1,"prefabricated:item_swift_blade_steel":115,"minecraft:chest":72,"bewitchment:mandrake_seeds":4,"minecraft:cooked_salmon":8,"minecraft:dirt":169,"naturalist:cooked_bass":12,"minecraft:wooden_axe":275,"minecraft:lantern":2,"minecraft:grass_block":5,"gravestones:gravestone":1,"minecells:blood_sword":21,"natures_spirit:sugi_sapling":29,"minecraft:stone_brick_stairs":12,"prefabricated:item_swift_blade_stone":94,"minecraft:stone_bricks":3,"minecraft:item_frame":3,"immersive_armors:wooden_chestplate":1,"minecraft:furnace":8,"minecraft:cherry_log":6,"immersive_armors:wooden_helmet":1,"bewitchment:garlic":2,"minecraft:wheat_seeds":11,"minecraft:cooked_mutton":2,"minecraft:mossy_stone_bricks":9,"minecraft:wooden_pickaxe":22,"naturalist:duck_egg":1,"endermanoverhaul:flower_fields_enderman_spawn_egg":1,"fwaystones:stone_brick_waystone":1,"minecraft:sand":55,"minecraft:crafting_table":5,"minecraft:red_bed":1,"wizards:wand_novice":1,"minecraft:sponge":6,"promenade:cooked_duck":1,"enchanted:snowbell_seeds":3,"minecraft:wooden_hoe":1,"prefabricated:item_swift_blade_wood":331,"minecraft:bread":37,"natures_spirit:sugi_log":2,"justhammers:stone_hammer":69,"immersive_armors:wooden_boots":1,"minecraft:cobblestone":6,"immersive_armors:wooden_leggings":1},"minecraft:picked_up":{"minecraft:crafting_table":2,"minecraft:wheat":23,"minecraft:ladder":5,"minecraft:suspicious_stew":2,"minecraft:wooden_pickaxe":1,"minecraft:enchanted_book":4,"minecraft:stone_brick_stairs":1,"bountifulfares:grass_seeds":46,"minecraft:string":7,"minecraft:red_bed":1,"minecraft:raw_copper":9,"minecraft:item_frame":29,"bountifulfares:lemon":1,"minecraft:gold_nugget":7,"minecraft:light_gray_wool":1,"minecraft:chest":10,"natures_spirit:sugi_sapling":100,"minecells:guts":6,"minecraft:stick":39,"minecraft:sandstone":1,"naturalist:duck":2,"wildlife:raw_prawn":2,"minecraft:porkchop":15,"minecraft:cherry_log":67,"enchanted:water_artichoke_seeds":3,"wildlife:raw_catfish":6,"enchanted:water_artichoke":1,"bewitchment:garlic":3,"minecraft:arrow":31,"minecraft:rotten_flesh":17,"minecraft:hay_block":10,"gravestones:gravestone":3,"minecraft:mutton":10,"minecraft:cobblestone":386,"minecraft:white_wool":5,"wildlife:raw_bluegill":4,"minecraft:pink_petals":122,"minecraft:feather":7,"minecraft:cherry_planks":9,"minecraft:glow_ink_sac":3,"minecraft:salmon":13,"minecraft:leather":8,"natures_spirit:sugi_log":250,"minecraft:flint":7,"wildlife:raw_goldfish":4,"minecraft:gunpowder":20,"minecraft:paper":16,"minecraft:lapis_lazuli":48,"minecraft:dirt":80,"minecells:health_flask":4,"naturalist:glow_goop":2,"naturalist:bass":30,"minecraft:bone":25,"wilderwild:bush":2,"minecraft:apple":4,"minecraft:stone_bricks":3,"minecraft:bow":4,"minecraft:wheat_seeds":104,"bewitchment:mandrake_seeds":6,"natures_spirit:gardenia":1,"minecraft:mossy_stone_bricks":6,"minecraft:rabbit":1,"enchanted:wolfsbane_seeds":4,"patchouli:guide_book":2,"promenade:duck":3,"minecells:monster_cell":20,"minecells:infected_flesh":14,"enchanted:garlic":2,"minecraft:gravel":5,"bewitchment:belladonna_seeds":2,"minecraft:sand":42,"bewitchment:salt":43,"minecraft:ink_sac":6,"minecraft:barrel":21,"minecraft:spider_eye":4,"naturalist:duck_egg":1,"minecraft:pumpkin_seeds":6,"minecraft:diamond":2,"minecells:explosive_bulb":6,"enchanted:snowbell_seeds":3,"minecraft:granite":1,"wilderwild:crab_claw":3,"minecraft:cherry_sapling":6,"minecraft:emerald":9,"minecraft:black_wool":2,"minecraft:coal":89},"minecraft:dropped":{"minecraft:bread":30,"minecraft:porkchop":12,"minecraft:wheat_seeds":3,"enchanted:wolfsbane_seeds":2,"prefabricated:item_swift_blade_steel":4,"minecraft:cobblestone":6,"minecraft:apple":2,"bountifulfares:grass_seeds":2,"minecraft:coal":32,"natures_spirit:sugi_sapling":1,"minecraft:dirt":9,"wilderwild:bush":2,"immersive_armors:wooden_leggings":1,"minecraft:rabbit":1,"minecraft:cooked_salmon":5,"minecraft:sand":18,"natures_spirit:gardenia":1,"immersive_armors:wooden_chestplate":1,"minecraft:string":3,"immersive_armors:wooden_boots":1,"minecraft:rotten_flesh":11,"minecraft:light_gray_wool":1,"prefabricated:item_swift_blade_wood":3,"sophisticatedbackpacks:backpack":1,"naturalist:cooked_bass":18,"justhammers:stone_hammer":2,"minecraft:spider_eye":1,"minecraft:spruce_log":64,"immersive_armors:wooden_helmet":1},"minecraft:broken":{"prefabricated:item_swift_blade_wood":3,"minecraft:wooden_axe":3},"minecraft:crafted":{"minecraft:cherry_planks":12,"minecraft:stone":7,"naturalist:cooked_bass":30,"wizards:wand_novice":1,"sophisticatedbackpacks:iron_backpack":1,"sophisticatedbackpacks:backpack":2,"minecraft:crafting_table":1,"minecraft:wooden_pickaxe":1,"natures_spirit:sugi_planks":12,"runes:fire_stone":76,"minecraft:cooked_salmon":13,"sophisticatedbackpacks:gold_backpack":1,"minecraft:air":0,"justhammers:stone_hammer":2,"minecraft:stick":4,"basicweapons:stone_hammer":1,"medievalweapons:wooden_sickle":2},"minecraft:killed":{"promenade:duck":3,"minecraft:spider":6,"minecraft:vindicator":1,"minecells:undead_archer":4,"naturalist:duck":1,"naturalist:boar":3,"minecraft:skeleton":18,"wildlife:catfish":3,"naturalist:bass":36,"bewitchment:werewolf":1,"minecells:leaping_zombie":7,"minecells:grenadier":4,"bewitchment:snake":1,"wildlife:bluegill":3,"wildlife:prawn":2,"minecraft:pig":5,"minecraft:zombie_villager":2,"wildlife:goldfish":2,"naturalist:firefly":4,"minecraft:salmon":14,"minecraft:rabbit":1,"wildlife:sanddollar":3,"minecraft:creeper":17,"minecraft:squid":1,"minecraft:sheep":7,"minecraft:pillager":1,"minecraft:zombie":10,"minecells:shieldbearer":3}},"DataVersion":3465}