{"stats":{"minecraft:broken":{"minecraft:golden_shovel":1,"minecraft:chainmail_boots":1,"minecraft:wooden_axe":3,"minecraft:stone_shovel":1,"prefabricated:item_swift_blade_wood":3,"minecraft:chainmail_helmet":2},"minecraft:mined":{"minecraft:cherry_log":59,"minecraft:grass_block":43,"minecraft:spawner":1,"minecraft:tall_seagrass":1,"minecraft:barrel":21,"minecells:prison_torch":1,"minecells:wilted_wall_leaves":6,"betterarcheology:loot_vase":1,"bountifulfares:tea_shrub":1,"natures_spirit:sugi_sapling":2,"minecraft:red_bed":1,"minecraft:chest":10,"bountifulfares:apple_block":3,"minecraft:cobblestone":16,"minecraft:sugar_cane":1,"minecells:alchemy_equipment_2":1,"minecraft:wall_torch":1,"minecraft:pink_petals":3,"minecraft:wheat":14,"minecraft:stone_brick_stairs":1,"minecraft:grass":36,"minecraft:sand":35,"minecraft:dirt":13,"minecells:bloomrock_wilted_grass_block":1,"minecells:chain_pile":1,"minecraft:oak_leaves":1,"bountifulfares:hanging_apple":5,"minecraft:chiseled_bookshelf":1,"minecells:red_ribbon_flag":1,"bountifulfares:artisan_bread":1,"minecraft:hay_block":11,"enchanted:water_artichoke":1,"minecraft:furnace":1,"wilderwild:bush":1,"minecells:flag_pole":2,"minecraft:lantern":1,"minecraft:stone":110,"bountifulfares:apple_leaves":8,"natures_spirit:snapdragon":1,"gravestones:gravestone":3,"promenade:blunite":2,"natures_spirit:sugi_log":196,"minecraft:crafting_table":2,"minecraft:copper_ore":3,"minecraft:tall_grass":2,"minecraft:birch_leaves":17,"bountifulfares:flowering_apple_leaves":3,"natures_spirit:sugi_leaves":7,"natures_spirit:gardenia":1,"minecraft:coal_ore":3,"minecraft:gravel":220,"minecraft:cobweb":13,"minecraft:stone_bricks":3,"minecraft:mossy_stone_bricks":6,"minecraft:fern":2},"minecraft:picked_up":{"minecraft:wooden_axe":1,"wizards:staff_arcane":2,"minecraft:wheat":23,"minecraft:chainmail_boots":1,"minecraft:suspicious_stew":2,"minecraft:enchanted_book":13,"natures_spirit:snapdragon":1,"minecraft:stone_brick_stairs":1,"minecells:buzzcutter_fang":58,"bountifulfares:grass_seeds":54,"minecraft:music_disc_cat":1,"minecraft:string":26,"minecraft:raw_copper":79,"bountifulfares:lemon":1,"minecraft:gold_nugget":13,"bosses_of_mass_destruction:soul_star":4,"prefabricated:item_swift_blade_osmium":2,"minecraft:iron_pickaxe":1,"minecells:molten_chunk":20,"minecells:transposition_core":8,"minecraft:iron_boots":1,"natures_spirit:sugi_sapling":106,"minecells:guts":123,"minecraft:stick":64,"minecells:red_ribbon_flag":2,"minecraft:torch":3,"wildlife:raw_prawn":2,"minecraft:porkchop":15,"minecraft:cherry_log":99,"bountifulfares:tea_berries":1,"minecells:promenade_dimensional_rune":1,"enchanted:water_artichoke":1,"minecraft:rotten_flesh":138,"minecells:cell_infused_steel":20,"minecells:black_bridge_dimensional_rune":1,"minecells:hattoris_katana":1,"enchanted:belladonna_seeds":1,"minecraft:cod":3,"minecraft:cobblestone":10717,"minecraft:birch_log":5,"minecraft:pink_petals":122,"minecraft:feather":7,"minecraft:cherry_planks":9,"natures_spirit:sugi_log":257,"minecraft:flint":17,"minecraft:lapis_lazuli":77,"minecraft:dirt":107,"wizards:wand_novice":1,"minecraft:bone":56,"minecraft:bow":9,"minecraft:wheat_seeds":106,"natures_spirit:gardenia":7,"minecraft:mossy_stone_bricks":6,"minecells:small_prison_brick_stairs":1,"minecraft:rabbit":1,"minecraft:oak_planks":14,"enchanted:wolfsbane_seeds":4,"basicweapons:iron_hammer":1,"minecraft:music_disc_13":1,"patchouli:guide_book":2,"promenade:duck":3,"minecraft:sand":42,"sophisticatedbackpacks:iron_backpack":7,"minecraft:ink_sac":6,"minecells:metal_shards":64,"minecells:cudgel":1,"minecraft:barrel":21,"naturalist:duck_egg":1,"minecraft:diamond":16,"minecells:explosive_bulb":26,"enchanted:snowbell_seeds":3,"minecraft:granite":1,"bountifulfares:apple_block":1,"wilderwild:crab_claw":5,"bountifulfares:artisan_bread":45,"minecells:bloomrock":1,"minecraft:chainmail_helmet":1,"soulsweapons:verglas":1,"minecraft:emerald":44,"minecraft:bread":47,"bewitchment:ectoplasm":1,"minecraft:oak_sapling":1,"minecells:chain_pile":1,"minecells:boss_stem_cell":2,"sophisticatedbackpacks:gold_backpack":12,"minecraft:crafting_table":2,"minecraft:ladder":5,"minecraft:brown_mushroom":8,"minecraft:wooden_pickaxe":1,"promenade:blunite":53,"minecraft:shield":3,"minecraft:red_bed":1,"minecraft:item_frame":32,"minecraft:candle":5,"immersive_armors:wooden_leggings":1,"minecells:vine_rune":12,"minecraft:iron_nugget":5,"minecraft:light_gray_wool":1,"minecraft:sugar_cane":6,"minecraft:chest":11,"minecraft:birch_sapling":3,"minecraft:raw_iron":17,"minecraft:sandstone":1,"naturalist:duck":2,"minecraft:stone":1,"minecraft:copper_ingot":3,"promenade:asphalt":36,"runes:fire_stone":2,"minecells:monsters_eye":15,"minecells:arcane_goo":48,"minecells:flag_pole":4,"minecraft:carrot":2,"enchanted:water_artichoke_seeds":3,"wildlife:raw_catfish":6,"bewitchment:garlic":3,"immersive_armors:wooden_helmet":1,"minecraft:arrow":69,"bountifulfares:orange":2,"minecraft:hay_block":10,"wizards:fire_robe_chest":2,"minecraft:gold_ingot":32,"enchanted:mandrake_seeds":1,"minecraft:glistering_melon_slice":5,"wizards:staff_wizard":1,"gravestones:gravestone":7,"minecraft:mutton":12,"minecraft:white_wool":5,"wildlife:raw_bluegill":4,"minecraft:glow_ink_sac":3,"minecraft:salmon":13,"minecraft:leather":13,"wilderwild:palm_log":3,"wildlife:raw_goldfish":4,"minecraft:oak_log":1,"minecraft:chainmail_chestplate":1,"prefabricated:item_house":1,"minecraft:gunpowder":65,"basicweapons:golden_dagger":1,"minecells:spikes":8,"minecraft:paper":26,"minecells:health_flask":43,"naturalist:glow_goop":2,"naturalist:bass":34,"wilderwild:bush":2,"minecells:frost_blast":1,"sophisticatedbackpacks:upgrade_base":1,"minecraft:apple":22,"minecraft:stone_bricks":3,"minecraft:kelp":1,"minecells:prison_torch":2,"bewitchment:mandrake_seeds":10,"minecraft:iron_ingot":48,"minecraft:stone_pickaxe":1,"promenade:maple_log":4,"mcdw:sword_sponge_striker":2,"minecraft:book":15,"runes:arcane_stone":308,"minecells:monster_cell":346,"minecells:infected_flesh":250,"enchanted:garlic":4,"minecraft:gravel":85,"bewitchment:belladonna_seeds":2,"bewitchment:salt":81,"minecraft:spider_eye":4,"minecells:ramparts_dimensional_rune":1,"minecraft:oak_wood":4,"minecraft:pumpkin_seeds":12,"minecraft:slime_ball":1,"minecraft:chainmail_leggings":1,"immersive_armors:wooden_chestplate":2,"minecraft:cherry_sapling":22,"minecells:assassins_dagger":1,"minecraft:gray_wool":1,"minecells:lightning_bolt":1,"minecraft:baked_potato":43,"minecraft:melon_seeds":4,"minecraft:black_wool":2,"minecraft:coal":175,"minecells:blood_sword":1},"minecraft:dropped":{"sophisticatedbackpacks:upgrade_base":3,"sophisticatedbackpacks:iron_backpack":8,"minecraft:candle":5,"minecraft:brown_mushroom":1,"minecraft:porkchop":12,"sophisticatedbackpacks:stack_upgrade_tier_3":1,"wizards:staff_wizard":1,"minecraft:oak_log":1,"minecraft:baked_potato":43,"minecraft:diamond":8,"bountifulfares:maize_stuffed_potato":13,"minecells:frost_blast":1,"minecells:vine_rune":7,"minecells:crowbar":6,"minecells:blood_sword":1,"minecells:arcane_goo":24,"minecells:monsters_eye":8,"minecraft:item_frame":1,"natures_spirit:sugi_sapling":3,"sophisticatedbackpacks:gold_backpack":4,"minecraft:emerald":21,"minecraft:dirt":30,"minecells:infected_flesh":197,"immersive_armors:wooden_leggings":6,"minecraft:mutton":1,"sophisticatedbackpacks:advanced_pickup_upgrade":1,"minecraft:gold_nugget":6,"minecraft:sand":27,"minecells:lightning_bolt":1,"natures_spirit:gardenia":4,"minecells:black_bridge_dimensional_rune":1,"minecraft:glistering_melon_slice":5,"minecraft:iron_pickaxe":1,"immersive_armors:wooden_chestplate":6,"minecraft:gold_ingot":24,"minecraft:bone":7,"wizards:staff_frost":1,"minecraft:gravel":2,"minecraft:sugar_cane":3,"minecraft:iron_nugget":5,"runes:arcane_stone":346,"immersive_armors:wooden_boots":5,"minecraft:cherry_sapling":8,"minecells:spikes":8,"minecraft:rotten_flesh":68,"minecraft:oak_planks":14,"prefabricated:item_swift_blade_wood":3,"mcdw:sword_sponge_striker":2,"wizards:wand_novice":1,"minecraft:recovery_compass":1,"minecraft:carrot":1,"minecells:quick_bow":1,"minecraft:chainmail_chestplate":2,"bosses_of_mass_destruction:soul_star":1,"justhammers:stone_hammer":3,"minecraft:gunpowder":21,"minecells:balanced_blade":1,"natures_spirit:sugi_log":5,"promenade:blunite":25,"minecraft:chainmail_boots":2,"minecraft:chest":7,"enchanted:garlic":2,"minecraft:arrow":34,"wizards:staff_arcane":1,"minecraft:enchanted_book":9,"minecraft:iron_ingot":45,"minecraft:bread":164,"minecraft:wheat_seeds":4,"enchanted:wolfsbane_seeds":2,"minecraft:cherry_log":16,"minecells:ramparts_dimensional_rune":1,"minecells:transposition_core":4,"prefabricated:item_swift_blade_steel":4,"minecells:promenade_dimensional_rune":1,"minecells:boss_stem_cell":1,"minecraft:cobblestone":4872,"minecraft:book":13,"minecells:marksmans_bow":2,"minecells:cell_infused_steel":20,"minecraft:apple":21,"bountifulfares:grass_seeds":6,"minecraft:chainmail_helmet":2,"minecraft:coal":75,"minecraft:stick":10,"wilderwild:bush":2,"bountifulfares:artisan_bread":45,"minecells:explosive_bulb":10,"minecraft:wooden_axe":2,"minecraft:rabbit":1,"promenade:maple_log":2,"minecraft:cooked_salmon":5,"minecells:hattoris_katana":1,"minecells:metal_shards":32,"minecells:red_ribbon_flag":1,"minecells:molten_chunk":10,"minecells:prison_torch":1,"minecells:buzzcutter_fang":29,"minecraft:paper":10,"basicweapons:golden_dagger":1,"minecraft:chainmail_leggings":2,"minecraft:string":11,"prefabricated:item_house":2,"minecells:multiple_nocks_bow":1,"enchanted:belladonna_seeds":1,"runes:fire_stone":65,"minecells:flag_pole":2,"minecraft:light_gray_wool":1,"sophisticatedbackpacks:backpack":1,"naturalist:cooked_bass":18,"prefabricated:item_swift_blade_osmium":2,"gravestones:gravestone":2,"promenade:asphalt":18,"minecells:assassins_dagger":1,"bountifulfares:orange":1,"minecells:monster_cell":185,"minecraft:filled_map":3,"minecraft:stone":1,"minecraft:shield":1,"bewitchment:mandrake_seeds":3,"wizards:fire_robe_chest":1,"minecraft:oak_sapling":1,"minecraft:spider_eye":1,"minecells:guts":59,"minecells:health_flask":38,"minecraft:spruce_log":64,"minecraft:bow":4,"minecells:cudgel":2,"minecraft:stone_pickaxe":1,"immersive_armors:wooden_helmet":6},"minecraft:killed_by":{"minecells:buzzcutter":1,"minecraft:vindicator":2,"minecells:grenadier":2,"minecraft:player":3,"minecraft:skeleton":2,"bewitchment:werewolf":2},"minecraft:crafted":{"minecraft:oak_planks":16,"minecraft:stone":7,"naturalist:cooked_bass":30,"wizards:wand_novice":1,"sophisticatedbackpacks:backpack":2,"minecraft:crafting_table":1,"minecraft:wooden_pickaxe":1,"runes:fire_stone":76,"minecraft:chainmail_chestplate":1,"minecraft:stick":4,"medievalweapons:wooden_sickle":2,"minecraft:cherry_planks":12,"minecraft:chainmail_leggings":1,"sophisticatedbackpacks:iron_backpack":1,"natures_spirit:sugi_planks":12,"minecraft:cooked_salmon":13,"sophisticatedbackpacks:gold_backpack":1,"minecraft:air":0,"justhammers:stone_hammer":2,"basicweapons:stone_hammer":1,"minecraft:chainmail_boots":1},"minecraft:used":{"enchanted:water_artichoke":1,"prefabricated:item_swift_blade_steel":115,"bountifulfares:berry_stuffed_potato":4,"minecraft:spruce_slab":253,"minecraft:chest":72,"handcrafted:yellow_bowl":3,"minecraft:stone":2,"minecells:assassins_dagger":217,"minecraft:iron_chestplate":2,"bountifulfares:mushroom_stuffed_potato":2,"naturalist:cooked_bass":12,"minecells:crowbar":78,"handcrafted:oak_nightstand":1,"minecells:bloomrock_bricks":6,"minecells:hattoris_katana":128,"minecraft:lantern":31,"minecraft:grass_block":5,"minecraft:iron_helmet":2,"convenientdecor:light_blue_raincoat":1,"natures_spirit:sugi_sapling":29,"minecraft:stone_brick_stairs":13,"prefabricated:item_swift_blade_stone":230,"minecraft:stone_bricks":5,"minecraft:item_frame":11,"immersive_armors:wooden_chestplate":3,"minecraft:furnace":8,"naturalist:teddy_bear":3,"immersive_armors:wooden_helmet":1,"bewitchment:garlic":2,"minecraft:mossy_stone_bricks":9,"handcrafted:yellow_crockery_combo":3,"minecraft:stone_pickaxe":19,"minecells:chain_pile":1,"minecraft:oak_planks":2,"handcrafted:spruce_corner_trim":8,"minecraft:wooden_pickaxe":22,"minecraft:chainmail_helmet":2,"handcrafted:black_cushion":10,"naturalist:duck_egg":1,"endermanoverhaul:flower_fields_enderman_spawn_egg":1,"immersive_armors:slime_chestplate":1,"fwaystones:stone_brick_waystone":1,"minecraft:sand":59,"wizards:wand_novice":3,"minecraft:stone_brick_wall":124,"minecraft:sponge":6,"promenade:cooked_duck":1,"wizards:staff_arcane":2,"enchanted:snowbell_seeds":3,"minecraft:bread":74,"bountifulfares:apple_block":7,"prefabricated:item_swift_blade_osmium":803,"minecells:bloomrock":1,"bountifulfares:artisan_bread":3,"handcrafted:dark_oak_corner_trim":1,"promenade:blunite":15,"minecraft:chainmail_boots":2,"convenientdecor:light_blue_rain_hat":1,"handcrafted:fancy_painting":1,"justhammers:stone_reinforced_impact_hammer":294,"minecraft:stone_shovel":176,"bewitchment:mandrake_seeds":4,"minecraft:cooked_salmon":8,"handcrafted:oak_chair":2,"convenientdecor:light_blue_rain_boots":1,"minecraft:torch":3,"minecraft:dirt":258,"minecraft:chainmail_chestplate":2,"immersive_armors:slime_boots":1,"minecraft:cobblestone_wall":5,"handcrafted:spruce_side_table":2,"minecraft:golden_shovel":32,"minecraft:oak_wood":140,"minecraft:spruce_fence":27,"handcrafted:spruce_table":11,"minecraft:wooden_axe":296,"bountifulfares:maize_stuffed_potato":3,"gravestones:gravestone":4,"minecells:blood_sword":27,"minecraft:iron_boots":2,"handcrafted:oak_couch":11,"minecraft:cherry_log":6,"minecraft:iron_leggings":1,"minecraft:cooked_mutton":2,"minecraft:wheat_seeds":11,"bountifulfares:orange_block":8,"handcrafted:terracotta_cup":2,"minecraft:baked_potato":47,"immersive_armors:slime_helmet":1,"mcdw:crossbow_nautical_crossbow":1,"minecraft:stripped_dark_oak_log":3,"bountifulfares:sweet_berry_tart":3,"handcrafted:spruce_pillar_trim":66,"minecraft:crafting_table":5,"minecraft:red_bed":2,"smallships:oak_brigg":1,"bosses_of_mass_destruction:soul_star":2,"minecraft:spruce_log":254,"minecraft:book":2,"minecraft:wooden_hoe":1,"minecraft:apple":9,"prefabricated:item_swift_blade_wood":331,"prefabricated:item_swift_blade_iron":53,"natures_spirit:sugi_log":2,"immersive_armors:slime_leggings":1,"handcrafted:oak_desk":3,"justhammers:stone_hammer":201,"minecells:small_prison_brick_stairs":1,"immersive_armors:wooden_boots":1,"minecraft:cobblestone":267,"immersive_armors:wooden_leggings":1,"minecraft:gray_wool":1,"minecraft:chainmail_leggings":2},"minecraft:custom":{"minecraft:interact_with_crafting_table":27,"minecraft:open_barrel":126,"minecraft:leave_game":10,"minecraft:time_since_death":36428,"minecraft:sprint_one_cm":1849429,"minecraft:drop":423,"minecraft:talked_to_villager":14,"minecraft:play_time":699293,"minecraft:deaths":15,"minecraft:jump":10726,"minecraft:walk_on_water_one_cm":74993,"minecraft:interact_with_furnace":21,"minecraft:sleep_in_bed":10,"minecraft:damage_dealt":97062,"minecraft:player_kills":5,"minecraft:crouch_one_cm":131279,"minecraft:mob_kills":708,"minecraft:inspect_hopper":5,"minecraft:climb_one_cm":134751,"minecraft:walk_one_cm":1257479,"minecraft:sneak_time":46856,"minecraft:walk_under_water_one_cm":116043,"minecraft:boat_one_cm":494639,"minecraft:total_world_time":699293,"minecraft:pot_flower":1,"minecraft:interact_with_stonecutter":1,"minecraft:time_since_rest":36468,"minecraft:damage_taken":28564,"minecraft:trigger_trapped_chest":2,"minecraft:swim_one_cm":224892,"minecraft:fly_one_cm":3027110,"minecraft:open_chest":243,"minecraft:fall_one_cm":688710},"minecraft:killed":{"wildlife:rhino_beetle":1,"minecraft:spider":14,"minecraft:cod":24,"minecraft:dolphin":1,"naturalist:boar":3,"minecells:sweeper":30,"naturalist:snail":2,"minecraft:skeleton":39,"minecells:concierge":1,"wildlife:catfish":7,"wildlife:bettafish":1,"bewitchment:werewolf":2,"minecells:leaping_zombie":92,"minecells:protector":11,"minecells:grenadier":31,"wilderwild:jellyfish":1,"wildlife:bluegill":4,"wildlife:prawn":3,"minecraft:pig":5,"minecraft:zombie_villager":2,"naturalist:firefly":5,"minecraft:salmon":21,"minecraft:creeper":33,"minecraft:sheep":8,"minecraft:pillager":1,"minecraft:zombie":35,"wilderwild:firefly":2,"wildlife:sparrow":1,"minecells:shieldbearer":40,"minecells:inquisitor":43,"minecells:mutated_bat":26,"promenade:duck":3,"minecraft:vindicator":1,"minecells:undead_archer":27,"wildlife:shrimp":1,"wildlife:sunflowerbeetle":1,"naturalist:duck":1,"bewitchment:ghost":1,"naturalist:bass":44,"wildlife:koi":3,"minecraft:drowned":1,"wildlife:rainbow_trout":2,"wildlife:robin":1,"wildlife:june_beetle":1,"friendsandfoes:copper_golem":2,"bewitchment:snake":1,"minecells:runner":24,"wildlife:goldfish":2,"minecraft:rabbit":1,"wildlife:sanddollar":3,"minecraft:squid":1,"wildlife:jellyfish":2,"wilderwild:crab":5,"minecraft:player":4,"minecells:buzzcutter":80}},"DataVersion":3465}