{"stats":{"minecraft:custom":{"minecraft:interact_with_furnace":10,"minecraft:mob_kills":99,"minecraft:inspect_hopper":1,"minecraft:interact_with_crafting_table":7,"minecraft:open_barrel":44,"minecraft:leave_game":4,"minecraft:time_since_death":64752,"minecraft:climb_one_cm":23872,"minecraft:sleep_in_bed":2,"minecraft:time_since_rest":32934,"minecraft:sprint_one_cm":208872,"minecraft:damage_taken":2565,"minecraft:walk_one_cm":122710,"minecraft:drop":20,"minecraft:damage_dealt":7452,"minecraft:swim_one_cm":69956,"minecraft:fly_one_cm":382276,"minecraft:open_chest":3,"minecraft:crouch_one_cm":15003,"minecraft:play_time":78406,"minecraft:deaths":4,"minecraft:sneak_time":5250,"minecraft:walk_under_water_one_cm":52722,"minecraft:jump":982,"minecraft:walk_on_water_one_cm":22323,"minecraft:total_world_time":78406,"minecraft:fall_one_cm":27152},"minecraft:crafted":{"minecraft:cherry_planks":12,"minecraft:crafting_table":1,"natures_spirit:sugi_planks":12,"minecraft:wooden_pickaxe":1,"naturalist:cooked_bass":30,"minecraft:air":0,"minecraft:stick":4,"medievalweapons:wooden_sickle":2},"minecraft:broken":{"minecraft:wooden_axe":3,"prefabricated:item_swift_blade_wood":3},"minecraft:killed_by":{"minecraft:vindicator":2,"minecraft:player":1},"minecraft:killed":{"wildlife:bluegill":3,"wildlife:prawn":2,"minecraft:pig":4,"bloomingnature:deer":1,"minecraft:zombie_villager":1,"wildlife:goldfish":2,"promenade:duck":1,"minecraft:salmon":14,"minecraft:spider":3,"minecraft:rabbit":1,"minecraft:vindicator":1,"wildlife:sanddollar":3,"naturalist:duck":1,"minecraft:creeper":6,"minecraft:squid":1,"naturalist:boar":3,"minecraft:sheep":5,"minecraft:skeleton":3,"minecraft:pillager":1,"wildlife:catfish":3,"minecraft:zombie":1,"naturalist:bass":36,"bloomingnature:pelican":1},"minecraft:picked_up":{"wildlife:raw_bluegill":2,"minecraft:pink_petals":59,"minecraft:crafting_table":2,"minecraft:feather":3,"minecraft:ladder":5,"minecraft:glow_ink_sac":3,"minecraft:salmon":13,"minecraft:leather":1,"natures_spirit:sugi_log":158,"wildlife:raw_goldfish":2,"minecraft:gunpowder":1,"bountifulfares:grass_seeds":22,"minecraft:string":3,"minecraft:dirt":65,"naturalist:bass":30,"minecraft:bone":4,"wilderwild:bush":2,"minecraft:bow":1,"minecraft:wheat_seeds":13,"bewitchment:mandrake_seeds":4,"minecraft:rabbit":1,"minecraft:stick":36,"natures_spirit:sugi_sapling":67,"minecraft:sandstone":1,"enchanted:wolfsbane_seeds":3,"naturalist:duck":1,"patchouli:guide_book":1,"promenade:duck":1,"wildlife:raw_prawn":2,"enchanted:garlic":2,"minecraft:gravel":4,"minecraft:porkchop":13,"bewitchment:belladonna_seeds":1,"minecraft:sand":24,"minecraft:cherry_log":38,"minecraft:ink_sac":3,"minecraft:spider_eye":1,"naturalist:duck_egg":1,"enchanted:water_artichoke_seeds":2,"wildlife:raw_catfish":3,"minecraft:arrow":4,"bewitchment:garlic":2,"minecraft:rotten_flesh":5,"enchanted:snowbell_seeds":3,"minecraft:cherry_sapling":3,"minecraft:emerald":1,"gravestones:gravestone":2,"minecraft:black_wool":1,"minecraft:mutton":6,"minecraft:white_wool":4,"minecraft:cobblestone":1},"minecraft:used":{"minecraft:wheat_seeds":11,"bewitchment:garlic":2,"minecraft:wooden_pickaxe":1,"bewitchment:mandrake_seeds":4,"naturalist:duck_egg":1,"endermanoverhaul:flower_fields_enderman_spawn_egg":1,"minecraft:dirt":162,"minecraft:sand":55,"minecraft:crafting_table":3,"minecraft:sponge":6,"promenade:cooked_duck":1,"minecraft:wooden_axe":246,"enchanted:snowbell_seeds":3,"prefabricated:item_swift_blade_wood":267,"gravestones:gravestone":1,"minecraft:grass_block":5,"minecraft:lantern":1,"minecraft:bread":19,"natures_spirit:sugi_log":2,"natures_spirit:sugi_sapling":29,"minecraft:furnace":1,"minecraft:cherry_log":6},"minecraft:mined":{"gravestones:gravestone":1,"minecraft:cherry_log":40,"natures_spirit:sugi_log":196,"minecraft:crafting_table":2,"minecraft:grass_block":32,"minecraft:pink_petals":3,"minecraft:furnace":1,"wilderwild:bush":1,"minecraft:grass":13,"natures_spirit:sugi_leaves":1,"minecraft:dirt":4,"natures_spirit:sugi_sapling":2,"minecraft:fern":1},"minecraft:dropped":{"minecraft:bread":12,"minecraft:wheat_seeds":2,"enchanted:wolfsbane_seeds":2,"minecraft:rotten_flesh":5,"natures_spirit:sugi_sapling":1,"minecraft:dirt":1,"wilderwild:bush":2,"minecraft:string":3}},"DataVersion":3465}